GGTrends_Date,GGTrends_values
28/04/2013,3
29/04/2013,2.629213483
30/04/2013,2.629213483
01/05/2013,3.303370787
02/05/2013,3.134831461
03/05/2013,3.370786517
04/05/2013,2.797752809
05/05/2013,2
06/05/2013,2.131578947
07/05/2013,1.947368421
08/05/2013,1.763157895
09/05/2013,1.736842105
10/05/2013,1.657894737
11/05/2013,1.578947368
12/05/2013,2
13/05/2013,2.19047619
14/05/2013,2.031746032
15/05/2013,2.412698413
16/05/2013,2.253968254
17/05/2013,2.158730159
18/05/2013,2.063492063
19/05/2013,2
20/05/2013,1.769230769
21/05/2013,1.487179487
22/05/2013,1.461538462
23/05/2013,1.333333333
24/05/2013,1.512820513
25/05/2013,1.282051282
26/05/2013,2
27/05/2013,2.25
28/05/2013,2.791666667
29/05/2013,2.916666667
30/05/2013,2.541666667
31/05/2013,2.291666667
01/06/2013,2.083333333
02/06/2013,2
03/06/2013,1.793103448
04/06/2013,1.655172414
05/06/2013,1.551724138
06/06/2013,1.655172414
07/06/2013,1.655172414
08/06/2013,1.482758621
09/06/2013,2
10/06/2013,1.963636364
11/06/2013,2.072727273
12/06/2013,1.854545455
13/06/2013,1.454545455
14/06/2013,1.563636364
15/06/2013,1.490909091
16/06/2013,1
17/06/2013,1
18/06/2013,1.048780488
19/06/2013,1.024390244
20/06/2013,1.073170732
21/06/2013,1
22/06/2013,0.902439024
23/06/2013,2
24/06/2013,2.085106383
25/06/2013,1.914893617
26/06/2013,1.744680851
27/06/2013,1.957446809
28/06/2013,1.829787234
29/06/2013,1.744680851
30/06/2013,2
01/07/2013,2
02/07/2013,3.054545455
03/07/2013,2.218181818
04/07/2013,1.927272727
05/07/2013,1.927272727
06/07/2013,1.745454545
07/07/2013,2
08/07/2013,2
09/07/2013,1.955555556
10/07/2013,2
11/07/2013,1.866666667
12/07/2013,2.044444444
13/07/2013,1.822222222
14/07/2013,1
15/07/2013,1.096774194
16/07/2013,1
17/07/2013,1.032258065
18/07/2013,0.870967742
19/07/2013,0.903225806
20/07/2013,0.870967742
21/07/2013,1
22/07/2013,1.178571429
23/07/2013,1.178571429
24/07/2013,1.285714286
25/07/2013,1.142857143
26/07/2013,1.071428571
27/07/2013,1
28/07/2013,1
29/07/2013,0.875
30/07/2013,1.125
31/07/2013,1.25
01/08/2013,0.9375
02/08/2013,0.8125
03/08/2013,0.875
04/08/2013,1
05/08/2013,1.058823529
06/08/2013,0.941176471
07/08/2013,0.941176471
08/08/2013,1.117647059
09/08/2013,0.911764706
10/08/2013,0.794117647
11/08/2013,2
12/08/2013,2.620689655
13/08/2013,2.827586207
14/08/2013,3.448275862
15/08/2013,3.034482759
16/08/2013,2.689655172
17/08/2013,2.275862069
18/08/2013,2
19/08/2013,2.35
20/08/2013,2.1
21/08/2013,2.2
22/08/2013,1.9
23/08/2013,1.8
24/08/2013,1.7
25/08/2013,2
26/08/2013,1.944444444
27/08/2013,2.055555556
28/08/2013,2.055555556
29/08/2013,1.944444444
30/08/2013,1.888888889
31/08/2013,1.833333333
01/09/2013,1
02/09/2013,0.967741935
03/09/2013,1.032258065
04/09/2013,1
05/09/2013,1.032258065
06/09/2013,0.967741935
07/09/2013,0.870967742
08/09/2013,1
09/09/2013,1.166666667
10/09/2013,0.933333333
11/09/2013,0.9
12/09/2013,0.933333333
13/09/2013,0.9
14/09/2013,0.833333333
15/09/2013,1
16/09/2013,1.115384615
17/09/2013,1.038461538
18/09/2013,1.115384615
19/09/2013,1
20/09/2013,1.423076923
21/09/2013,1.153846154
22/09/2013,1
23/09/2013,1.142857143
24/09/2013,1.107142857
25/09/2013,1.178571429
26/09/2013,1.035714286
27/09/2013,1.071428571
28/09/2013,0.928571429
29/09/2013,2
30/09/2013,2.222222222
01/10/2013,2.222222222
02/10/2013,4.666666667
03/10/2013,7.407407407
04/10/2013,5.037037037
05/10/2013,3.777777778
06/10/2013,2
07/10/2013,2
08/10/2013,1.777777778
09/10/2013,1.777777778
10/10/2013,1.555555556
11/10/2013,1.333333333
12/10/2013,1.333333333
13/10/2013,2
14/10/2013,2
15/10/2013,2.333333333
16/10/2013,2.666666667
17/10/2013,2.333333333
18/10/2013,2.333333333
19/10/2013,2.666666667
20/10/2013,2
21/10/2013,2.285714286
22/10/2013,2.857142857
23/10/2013,2.857142857
24/10/2013,2.857142857
25/10/2013,2.857142857
26/10/2013,3.142857143
27/10/2013,5
28/10/2013,5.454545455
29/10/2013,11.36363636
30/10/2013,18.18181818
31/10/2013,12.72727273
01/11/2013,9.545454545
02/11/2013,7.272727273
03/11/2013,5
04/11/2013,6
05/11/2013,6.333333333
06/11/2013,7.666666667
07/11/2013,8.666666667
08/11/2013,8.666666667
09/11/2013,8.666666667
10/11/2013,5
11/11/2013,4.347826087
12/11/2013,4.565217391
13/11/2013,5.217391304
14/11/2013,5.434782609
15/11/2013,5.869565217
16/11/2013,5.217391304
17/11/2013,11
18/11/2013,23.62962963
19/11/2013,35.85185185
20/11/2013,22.81481481
21/11/2013,18.74074074
22/11/2013,19.55555556
23/11/2013,17.51851852
24/11/2013,14
25/11/2013,14.37837838
26/11/2013,15.13513514
27/11/2013,25.72972973
28/11/2013,37.83783784
29/11/2013,33.67567568
30/11/2013,26.48648649
01/12/2013,13
02/12/2013,13.43333333
03/12/2013,11.91666667
04/12/2013,10.83333333
05/12/2013,15.38333333
06/12/2013,14.3
07/12/2013,15.16666667
08/12/2013,10
09/12/2013,9.607843137
10/12/2013,8.823529412
11/12/2013,8.62745098
12/12/2013,8.039215686
13/12/2013,8.431372549
14/12/2013,6.666666667
15/12/2013,10
16/12/2013,10.78947368
17/12/2013,11.31578947
18/12/2013,20
19/12/2013,13.94736842
20/12/2013,10
21/12/2013,9.210526316
22/12/2013,6
23/12/2013,5.485714286
24/12/2013,5.485714286
25/12/2013,4.8
26/12/2013,4.971428571
27/12/2013,5.142857143
28/12/2013,4.457142857
29/12/2013,6
30/12/2013,6.580645161
31/12/2013,6.193548387
01/01/2014,5.612903226
02/01/2014,6.193548387
03/01/2014,6.967741935
04/01/2014,5.806451613
05/01/2014,7
06/01/2014,8.647058824
07/01/2014,8.029411765
08/01/2014,8.029411765
09/01/2014,7.617647059
10/01/2014,7.617647059
11/01/2014,6.794117647
12/01/2014,6
13/01/2014,6.1875
14/01/2014,6.5625
15/01/2014,6.5625
16/01/2014,7.5
17/01/2014,7.5
18/01/2014,5.8125
19/01/2014,6
20/01/2014,7.161290323
21/01/2014,7.741935484
22/01/2014,8.129032258
23/01/2014,7.35483871
24/01/2014,7.161290323
25/01/2014,5.806451613
26/01/2014,6
27/01/2014,9.103448276
28/01/2014,9.724137931
29/01/2014,7.862068966
30/01/2014,6.620689655
31/01/2014,5.793103448
01/02/2014,5.379310345
02/02/2014,5
03/02/2014,4.821428571
04/02/2014,5
05/02/2014,5.178571429
06/02/2014,5.178571429
07/02/2014,7.5
08/02/2014,5.714285714
09/02/2014,7
10/02/2014,10.28125
11/02/2014,9.84375
12/02/2014,8.3125
13/02/2014,7.4375
14/02/2014,9.84375
15/02/2014,7
16/02/2014,6
17/02/2014,6
18/02/2014,6.375
19/02/2014,6.1875
20/02/2014,7.125
21/02/2014,6.375
22/02/2014,5.4375
23/02/2014,11
24/02/2014,17.34615385
25/02/2014,42.30769231
26/02/2014,31.73076923
27/02/2014,19.46153846
28/02/2014,28.34615385
01/03/2014,21.15384615
02/03/2014,8
03/03/2014,8.222222222
04/03/2014,8.444444444
05/03/2014,9.555555556
06/03/2014,14.22222222
07/03/2014,17.33333333
08/03/2014,8.666666667
09/03/2014,5
10/03/2014,4.838709677
11/03/2014,4.677419355
12/03/2014,4.193548387
13/03/2014,4.032258065
14/03/2014,3.709677419
15/03/2014,3.225806452
16/03/2014,4
17/03/2014,4.421052632
18/03/2014,4.631578947
19/03/2014,4.631578947
20/03/2014,4.842105263
21/03/2014,5.894736842
22/03/2014,4.421052632
23/03/2014,4
24/03/2014,4.273972603
25/03/2014,5.424657534
26/03/2014,5.479452055
27/03/2014,5.205479452
28/03/2014,5.095890411
29/03/2014,3.780821918
30/03/2014,4
31/03/2014,4.048192771
01/04/2014,3.662650602
02/04/2014,3.855421687
03/04/2014,3.759036145
04/04/2014,3.373493976
05/04/2014,2.891566265
06/04/2014,3
07/04/2014,3.3
08/04/2014,3.35
09/04/2014,3.75
10/04/2014,4.35
11/04/2014,4.1
12/04/2014,3.15
13/04/2014,3
14/04/2014,3.25
15/04/2014,3.35
16/04/2014,3.8
17/04/2014,3.5
18/04/2014,3
19/04/2014,3
20/04/2014,3
21/04/2014,3.218181818
22/04/2014,2.890909091
23/04/2014,3.381818182
24/04/2014,3.218181818
25/04/2014,3.490909091
26/04/2014,2.672727273
27/04/2014,3
28/04/2014,3.294117647
29/04/2014,3.117647059
30/04/2014,3.529411765
01/05/2014,3.470588235
02/05/2014,3
03/05/2014,2.529411765
04/05/2014,2
05/05/2014,2.367346939
06/05/2014,2.285714286
07/05/2014,2.163265306
08/05/2014,2.12244898
09/05/2014,2.326530612
10/05/2014,1.795918367
11/05/2014,2
12/05/2014,2.272727273
13/05/2014,2.454545455
14/05/2014,2.227272727
15/05/2014,2.363636364
16/05/2014,2.409090909
17/05/2014,2.136363636
18/05/2014,2
19/05/2014,2.133333333
20/05/2014,2.444444444
21/05/2014,2.355555556
22/05/2014,2.622222222
23/05/2014,2.533333333
24/05/2014,2.044444444
25/05/2014,3
26/05/2014,3.654545455
27/05/2014,3.381818182
28/05/2014,3.545454545
29/05/2014,3.436363636
30/05/2014,3.272727273
31/05/2014,3.163636364
01/06/2014,3
02/06/2014,2.894736842
03/06/2014,3.421052632
04/06/2014,3.157894737
05/06/2014,3
06/06/2014,2.684210526
07/06/2014,2.578947368
08/06/2014,3
09/06/2014,2.87755102
10/06/2014,3.183673469
11/06/2014,3.551020408
12/06/2014,3.979591837
13/06/2014,4.163265306
14/06/2014,3.489795918
15/06/2014,2
16/06/2014,2.263157895
17/06/2014,2.157894737
18/06/2014,2.315789474
19/06/2014,1.973684211
20/06/2014,1.868421053
21/06/2014,1.605263158
22/06/2014,2
23/06/2014,1.885714286
24/06/2014,1.742857143
25/06/2014,1.885714286
26/06/2014,1.771428571
27/06/2014,2.2
28/06/2014,2
29/06/2014,2
30/06/2014,2.4
01/07/2014,2.461538462
02/07/2014,2.461538462
03/07/2014,2.184615385
04/07/2014,2.153846154
05/07/2014,1.846153846
06/07/2014,2
07/07/2014,2.027027027
08/07/2014,1.783783784
09/07/2014,1.72972973
10/07/2014,1.945945946
11/07/2014,1.891891892
12/07/2014,1.702702703
13/07/2014,2
14/07/2014,2.068965517
15/07/2014,2.517241379
16/07/2014,2.75862069
17/07/2014,2.655172414
18/07/2014,2.586206897
19/07/2014,2.551724138
20/07/2014,2
21/07/2014,1.971014493
22/07/2014,2.028985507
23/07/2014,2.057971014
24/07/2014,2.057971014
25/07/2014,1.826086957
26/07/2014,1.768115942
27/07/2014,2
28/07/2014,2.096774194
29/07/2014,2.129032258
30/07/2014,2.322580645
31/07/2014,2.322580645
01/08/2014,1.967741935
02/08/2014,1.806451613
03/08/2014,2
04/08/2014,2.131147541
05/08/2014,2.327868852
06/08/2014,2.459016393
07/08/2014,2.360655738
08/08/2014,2.262295082
09/08/2014,2.131147541
10/08/2014,3
11/08/2014,3.483870968
12/08/2014,3.483870968
13/08/2014,4.838709677
14/08/2014,4.112903226
15/08/2014,4.258064516
16/08/2014,4.064516129
17/08/2014,3
18/08/2014,3.771428571
19/08/2014,3.557142857
20/08/2014,3.342857143
21/08/2014,3.257142857
22/08/2014,3.214285714
23/08/2014,2.914285714
24/08/2014,2
25/08/2014,1.9375
26/08/2014,2.21875
27/08/2014,1.875
28/08/2014,2
29/08/2014,2.03125
30/08/2014,1.84375
31/08/2014,2
01/09/2014,2.382352941
02/09/2014,2.117647059
03/09/2014,2.235294118
04/09/2014,2.176470588
05/09/2014,2.205882353
06/09/2014,1.970588235
07/09/2014,3
08/09/2014,3.203389831
09/09/2014,3.813559322
10/09/2014,4.423728814
11/09/2014,5.084745763
12/09/2014,3.813559322
13/09/2014,3.152542373
14/09/2014,2
15/09/2014,2.151515152
16/09/2014,2.060606061
17/09/2014,1.939393939
18/09/2014,2.090909091
19/09/2014,2.242424242
20/09/2014,2.03030303
21/09/2014,2
22/09/2014,2.060606061
23/09/2014,2.393939394
24/09/2014,2.515151515
25/09/2014,2.151515152
26/09/2014,1.909090909
27/09/2014,1.666666667
28/09/2014,2
29/09/2014,2.272727273
30/09/2014,2.121212121
01/10/2014,2.03030303
02/10/2014,2.060606061
03/10/2014,2.181818182
04/10/2014,2.242424242
05/10/2014,3
06/10/2014,3.209302326
07/10/2014,2.860465116
08/10/2014,2.720930233
09/10/2014,2.686046512
10/10/2014,2.441860465
11/10/2014,2.302325581
12/10/2014,2
13/10/2014,2.456140351
14/10/2014,2.736842105
15/10/2014,2.456140351
16/10/2014,2.456140351
17/10/2014,2.350877193
18/10/2014,2.210526316
19/10/2014,2
20/10/2014,1.9
21/10/2014,2
22/10/2014,1.966666667
23/10/2014,2.233333333
24/10/2014,2.033333333
25/10/2014,1.933333333
26/10/2014,2
27/10/2014,2.035087719
28/10/2014,2.070175439
29/10/2014,2.035087719
30/10/2014,2.140350877
31/10/2014,1.929824561
01/11/2014,1.789473684
02/11/2014,2
03/11/2014,2.06779661
04/11/2014,2.06779661
05/11/2014,2.06779661
06/11/2014,2.372881356
07/11/2014,2.338983051
08/11/2014,2
09/11/2014,2
10/11/2014,2.258064516
11/11/2014,2.096774194
12/11/2014,2.548387097
13/11/2014,2.741935484
14/11/2014,2.290322581
15/11/2014,2.258064516
16/11/2014,2
17/11/2014,2.125
18/11/2014,2.15625
19/11/2014,2.03125
20/11/2014,1.96875
21/11/2014,1.9375
22/11/2014,1.8125
23/11/2014,2
24/11/2014,2.245614035
25/11/2014,2.105263158
26/11/2014,2.070175439
27/11/2014,2.035087719
28/11/2014,2
29/11/2014,1.824561404
30/11/2014,2
01/12/2014,2.15
02/12/2014,2.45
03/12/2014,2.2
04/12/2014,2.1
05/12/2014,2.05
06/12/2014,2
07/12/2014,2
08/12/2014,2.090909091
09/12/2014,1.909090909
10/12/2014,2
11/12/2014,2.909090909
12/12/2014,2.5
13/12/2014,2.136363636
14/12/2014,2
15/12/2014,1.826086957
16/12/2014,2.217391304
17/12/2014,2.173913043
18/12/2014,2.173913043
19/12/2014,2
20/12/2014,1.826086957
21/12/2014,3
22/12/2014,3.066666667
23/12/2014,3.066666667
24/12/2014,2.866666667
25/12/2014,2.8
26/12/2014,3.4
27/12/2014,6.666666667
28/12/2014,2
29/12/2014,2.243902439
30/12/2014,2.048780488
31/12/2014,2.146341463
01/01/2015,1.853658537
02/01/2015,2.292682927
03/01/2015,2.292682927
04/01/2015,2
05/01/2015,2.072727273
06/01/2015,2.254545455
07/01/2015,1.781818182
08/01/2015,1.745454545
09/01/2015,1.745454545
10/01/2015,1.6
11/01/2015,3
12/01/2015,3.133333333
13/01/2015,3.733333333
14/01/2015,5.533333333
15/01/2015,4.933333333
16/01/2015,3.933333333
17/01/2015,3.266666667
18/01/2015,2
19/01/2015,2
20/01/2015,2.086956522
21/01/2015,2.260869565
22/01/2015,2.043478261
23/01/2015,2.043478261
24/01/2015,1.913043478
25/01/2015,2
26/01/2015,2.782608696
27/01/2015,2.304347826
28/01/2015,2.217391304
29/01/2015,2.130434783
30/01/2015,1.913043478
31/01/2015,1.695652174
01/02/2015,2
02/02/2015,1.902439024
03/02/2015,2.292682927
04/02/2015,2.195121951
05/02/2015,2.341463415
06/02/2015,2.195121951
07/02/2015,2.341463415
08/02/2015,2
09/02/2015,2.12
10/02/2015,2.04
11/02/2015,1.88
12/02/2015,1.76
13/02/2015,1.76
14/02/2015,1.76
15/02/2015,2
16/02/2015,2.046511628
17/02/2015,2.093023256
18/02/2015,2.186046512
19/02/2015,2.23255814
20/02/2015,3.11627907
21/02/2015,2.093023256
22/02/2015,2
23/02/2015,2
24/02/2015,1.857142857
25/02/2015,1.833333333
26/02/2015,1.833333333
27/02/2015,1.80952381
28/02/2015,1.642857143
01/03/2015,2
02/03/2015,2.305555556
03/03/2015,2.583333333
04/03/2015,2.25
05/03/2015,2.277777778
06/03/2015,2.555555556
07/03/2015,2.777777778
08/03/2015,2
09/03/2015,1.866666667
10/03/2015,2.088888889
11/03/2015,1.911111111
12/03/2015,1.822222222
13/03/2015,2.022222222
14/03/2015,1.733333333
15/03/2015,2
16/03/2015,2.075949367
17/03/2015,2.101265823
18/03/2015,2.278481013
19/03/2015,2.17721519
20/03/2015,2.17721519
21/03/2015,2
22/03/2015,2
23/03/2015,1.972222222
24/03/2015,2.111111111
25/03/2015,2.277777778
26/03/2015,1.972222222
27/03/2015,2.083333333
28/03/2015,1.833333333
29/03/2015,2
30/03/2015,2.106666667
31/03/2015,2.186666667
01/04/2015,1.946666667
02/04/2015,2
03/04/2015,2
04/04/2015,1.786666667
05/04/2015,2
06/04/2015,2.303030303
07/04/2015,2.272727273
08/04/2015,2.242424242
09/04/2015,2.272727273
10/04/2015,2.151515152
11/04/2015,2.060606061
12/04/2015,2
13/04/2015,2.176470588
14/04/2015,2.323529412
15/04/2015,2.294117647
16/04/2015,2.058823529
17/04/2015,2.029411765
18/04/2015,1.794117647
19/04/2015,2
20/04/2015,2.028985507
21/04/2015,2
22/04/2015,2.144927536
23/04/2015,2.260869565
24/04/2015,1.797101449
25/04/2015,2
26/04/2015,2
27/04/2015,2.083333333
28/04/2015,2
29/04/2015,2.055555556
30/04/2015,2.055555556
01/05/2015,1.833333333
02/05/2015,1.638888889
03/05/2015,2
04/05/2015,2.372881356
05/05/2015,2.169491525
06/05/2015,2.169491525
07/05/2015,2.237288136
08/05/2015,2.237288136
09/05/2015,1.86440678
10/05/2015,2
11/05/2015,2.225806452
12/05/2015,2.225806452
13/05/2015,2.193548387
14/05/2015,2.709677419
15/05/2015,2.161290323
16/05/2015,2.161290323
17/05/2015,2
18/05/2015,2.12
19/05/2015,2.2
20/05/2015,2.28
21/05/2015,2.08
22/05/2015,2.04
23/05/2015,1.96
24/05/2015,2
25/05/2015,1.918367347
26/05/2015,2.040816327
27/05/2015,2.12244898
28/05/2015,2
29/05/2015,2.040816327
30/05/2015,2.530612245
31/05/2015,2
01/06/2015,1.921568627
02/06/2015,2.039215686
03/06/2015,1.960784314
04/06/2015,1.882352941
05/06/2015,1.882352941
06/06/2015,1.803921569
07/06/2015,2
08/06/2015,2
09/06/2015,2.086956522
10/06/2015,2.043478261
11/06/2015,1.913043478
12/06/2015,2
13/06/2015,1.913043478
14/06/2015,2
15/06/2015,2
16/06/2015,2.29787234
17/06/2015,2.29787234
18/06/2015,4.255319149
19/06/2015,2.425531915
20/06/2015,2.425531915
21/06/2015,2
22/06/2015,1.888888889
23/06/2015,1.851851852
24/06/2015,1.703703704
25/06/2015,2.037037037
26/06/2015,1.592592593
27/06/2015,1.925925926
28/06/2015,2
29/06/2015,2.36
30/06/2015,2.84
01/07/2015,2.64
02/07/2015,2.48
03/07/2015,2.56
04/07/2015,2.28
05/07/2015,2
06/07/2015,2.153846154
07/07/2015,2
08/07/2015,1.969230769
09/07/2015,1.876923077
10/07/2015,2.030769231
11/07/2015,1.876923077
12/07/2015,2
13/07/2015,1.810810811
14/07/2015,1.594594595
15/07/2015,1.540540541
16/07/2015,1.621621622
17/07/2015,1.486486486
18/07/2015,1.459459459
19/07/2015,2
20/07/2015,1.929824561
21/07/2015,1.894736842
22/07/2015,1.859649123
23/07/2015,1.789473684
24/07/2015,1.929824561
25/07/2015,1.789473684
26/07/2015,2
27/07/2015,2
28/07/2015,1.931034483
29/07/2015,1.862068966
30/07/2015,1.827586207
31/07/2015,1.689655172
01/08/2015,2.862068966
02/08/2015,2
03/08/2015,1.764705882
04/08/2015,1.764705882
05/08/2015,1.647058824
06/08/2015,1.529411765
07/08/2015,1.5
08/08/2015,1.647058824
09/08/2015,2
10/08/2015,2.369230769
11/08/2015,2.030769231
12/08/2015,2.215384615
13/08/2015,2.123076923
14/08/2015,2
15/08/2015,2.092307692
16/08/2015,2
17/08/2015,1.864864865
18/08/2015,2.324324324
19/08/2015,2.702702703
20/08/2015,2.378378378
21/08/2015,2.324324324
22/08/2015,1.918918919
23/08/2015,2
24/08/2015,2.365853659
25/08/2015,2.268292683
26/08/2015,1.951219512
27/08/2015,1.853658537
28/08/2015,1.731707317
29/08/2015,1.658536585
30/08/2015,2
31/08/2015,1.833333333
01/09/2015,1.888888889
02/09/2015,1.944444444
03/09/2015,1.888888889
04/09/2015,1.777777778
05/09/2015,1.833333333
06/09/2015,2
07/09/2015,1.764705882
08/09/2015,1.941176471
09/09/2015,2.029411765
10/09/2015,2
11/09/2015,1.941176471
12/09/2015,2
13/09/2015,2
14/09/2015,2.031746032
15/09/2015,2.19047619
16/09/2015,2.158730159
17/09/2015,2.349206349
18/09/2015,2.317460317
19/09/2015,2.19047619
20/09/2015,2
21/09/2015,2.161290323
22/09/2015,2.322580645
23/09/2015,2.387096774
24/09/2015,2.161290323
25/09/2015,2.193548387
26/09/2015,2.161290323
27/09/2015,2
28/09/2015,1.855072464
29/09/2015,2
30/09/2015,2.115942029
01/10/2015,1.884057971
02/10/2015,1.913043478
03/10/2015,1.68115942
04/10/2015,2
05/10/2015,2.317460317
06/10/2015,2.253968254
07/10/2015,2.222222222
08/10/2015,2.031746032
09/10/2015,2.158730159
10/10/2015,2
11/10/2015,2
12/10/2015,2.1875
13/10/2015,2.15625
14/10/2015,2.15625
15/10/2015,2.03125
16/10/2015,2.3125
17/10/2015,2.3125
18/10/2015,2
19/10/2015,1.971830986
20/10/2015,2.197183099
21/10/2015,2.14084507
22/10/2015,2.281690141
23/10/2015,2.225352113
24/10/2015,2.169014085
25/10/2015,2
26/10/2015,2
27/10/2015,2.073170732
28/10/2015,2.048780488
29/10/2015,2.390243902
30/10/2015,2.390243902
31/10/2015,2.097560976
01/11/2015,4
02/11/2015,4.4
03/11/2015,6.1
04/11/2015,8.5
05/11/2015,7.1
06/11/2015,5.4
07/11/2015,4.3
08/11/2015,3
09/11/2015,3.538461538
10/11/2015,3.307692308
11/11/2015,3.538461538
12/11/2015,3
13/11/2015,2.923076923
14/11/2015,2.384615385
15/11/2015,2
16/11/2015,2.117647059
17/11/2015,2.117647059
18/11/2015,2.176470588
19/11/2015,2.352941176
20/11/2015,2.176470588
21/11/2015,2
22/11/2015,2
23/11/2015,2.057142857
24/11/2015,2
25/11/2015,1.885714286
26/11/2015,2.285714286
27/11/2015,1.885714286
28/11/2015,1.885714286
29/11/2015,2
30/11/2015,2.451612903
01/12/2015,2.322580645
02/12/2015,2.258064516
03/12/2015,2.258064516
04/12/2015,2
05/12/2015,2.193548387
06/12/2015,4
07/12/2015,4
08/12/2015,4.888888889
09/12/2015,11.11111111
10/12/2015,7.111111111
11/12/2015,5.444444444
12/12/2015,5
13/12/2015,3
14/12/2015,3.146341463
15/12/2015,3.365853659
16/12/2015,3.073170732
17/12/2015,2.853658537
18/12/2015,2.853658537
19/12/2015,2.780487805
20/12/2015,3
21/12/2015,3.25
22/12/2015,3
23/12/2015,3.083333333
24/12/2015,3.166666667
25/12/2015,3.166666667
26/12/2015,3.166666667
27/12/2015,2
28/12/2015,2
29/12/2015,1.8
30/12/2015,1.9
31/12/2015,1.7
01/01/2016,1.65
02/01/2016,1.75
03/01/2016,3
04/01/2016,3.083333333
05/01/2016,3.083333333
06/01/2016,3
07/01/2016,3.416666667
08/01/2016,3.416666667
09/01/2016,2.916666667
10/01/2016,3
11/01/2016,3.363636364
12/01/2016,3.272727273
13/01/2016,3.454545455
14/01/2016,3.090909091
15/01/2016,4.909090909
16/01/2016,4.909090909
17/01/2016,3
18/01/2016,3.069767442
19/01/2016,2.860465116
20/01/2016,3.209302326
21/01/2016,2.930232558
22/01/2016,2.720930233
23/01/2016,2.581395349
24/01/2016,2
25/01/2016,2.131578947
26/01/2016,2.105263158
27/01/2016,2.157894737
28/01/2016,2.078947368
29/01/2016,2
30/01/2016,1.868421053
31/01/2016,2
01/02/2016,1.894736842
02/02/2016,2.026315789
03/02/2016,2.026315789
04/02/2016,1.973684211
05/02/2016,1.894736842
06/02/2016,1.894736842
07/02/2016,2
08/02/2016,1.946666667
09/02/2016,1.973333333
10/02/2016,2.133333333
11/02/2016,2.08
12/02/2016,2
13/02/2016,1.92
14/02/2016,3
15/02/2016,3.236842105
16/02/2016,3.394736842
17/02/2016,3.236842105
18/02/2016,3.947368421
19/02/2016,3.473684211
20/02/2016,3.236842105
21/02/2016,2
22/02/2016,1.952941176
23/02/2016,2
24/02/2016,1.882352941
25/02/2016,1.905882353
26/02/2016,1.788235294
27/02/2016,1.764705882
28/02/2016,2
29/02/2016,1.972972973
01/03/2016,2.243243243
02/03/2016,2.135135135
03/03/2016,2.27027027
04/03/2016,2.108108108
05/03/2016,2.108108108
06/03/2016,2
07/03/2016,2.105263158
08/03/2016,2.026315789
09/03/2016,2
10/03/2016,1.947368421
11/03/2016,1.947368421
12/03/2016,1.789473684
13/03/2016,2
14/03/2016,2.235294118
15/03/2016,2.382352941
16/03/2016,2.176470588
17/03/2016,2.147058824
18/03/2016,2.205882353
19/03/2016,1.941176471
20/03/2016,2
21/03/2016,2.264705882
22/03/2016,2.294117647
23/03/2016,2.205882353
24/03/2016,2.088235294
25/03/2016,2.088235294
26/03/2016,2.029411765
27/03/2016,2
28/03/2016,2.055555556
29/03/2016,2.194444444
30/03/2016,2.194444444
31/03/2016,2.166666667
01/04/2016,1.888888889
02/04/2016,1.861111111
03/04/2016,2
04/04/2016,2
05/04/2016,2.138888889
06/04/2016,2.055555556
07/04/2016,2.055555556
08/04/2016,1.944444444
09/04/2016,1.916666667
10/04/2016,2
11/04/2016,2.026315789
12/04/2016,2
13/04/2016,1.842105263
14/04/2016,1.894736842
15/04/2016,1.868421053
16/04/2016,1.763157895
17/04/2016,2
18/04/2016,2.307692308
19/04/2016,2.307692308
20/04/2016,2.307692308
21/04/2016,2.538461538
22/04/2016,2.538461538
23/04/2016,2.307692308
24/04/2016,3
25/04/2016,3.181818182
26/04/2016,3.272727273
27/04/2016,3.181818182
28/04/2016,3.545454545
29/04/2016,3.090909091
30/04/2016,2.727272727
01/05/2016,4
02/05/2016,13.33333333
03/05/2016,8.133333333
04/05/2016,5.733333333
05/05/2016,6.4
06/05/2016,5.333333333
07/05/2016,4.666666667
08/05/2016,3
09/05/2016,3
10/05/2016,3.162162162
11/05/2016,2.918918919
12/05/2016,2.918918919
13/05/2016,2.675675676
14/05/2016,2.351351351
15/05/2016,2
16/05/2016,2.133333333
17/05/2016,2.133333333
18/05/2016,2.133333333
19/05/2016,2.266666667
20/05/2016,2.066666667
21/05/2016,2
22/05/2016,2
23/05/2016,2.133333333
24/05/2016,2.066666667
25/05/2016,2.066666667
26/05/2016,2.133333333
27/05/2016,2.333333333
28/05/2016,2.733333333
29/05/2016,3
30/05/2016,3
31/05/2016,3.063829787
01/06/2016,2.617021277
02/06/2016,2.489361702
03/06/2016,2.808510638
04/06/2016,2.808510638
05/06/2016,3
06/06/2016,3.292682927
07/06/2016,3.146341463
08/06/2016,2.926829268
09/06/2016,2.926829268
10/06/2016,2.707317073
11/06/2016,2.780487805
12/06/2016,4
13/06/2016,4.701754386
14/06/2016,3.929824561
15/06/2016,3.578947368
16/06/2016,4.350877193
17/06/2016,4.421052632
18/06/2016,3.789473684
19/06/2016,4
20/06/2016,4.078431373
21/06/2016,4.470588235
22/06/2016,4.078431373
23/06/2016,4.392156863
24/06/2016,6.274509804
25/06/2016,4.235294118
26/06/2016,3
27/06/2016,3.130434783
28/06/2016,3.065217391
29/06/2016,2.804347826
30/06/2016,2.934782609
01/07/2016,2.804347826
02/07/2016,2.739130435
03/07/2016,3
04/07/2016,2.930232558
05/07/2016,3
06/07/2016,2.930232558
07/07/2016,3
08/07/2016,3.069767442
09/07/2016,3.76744186
10/07/2016,3
11/07/2016,2.8
12/07/2016,2.5
13/07/2016,2.55
14/07/2016,2.35
15/07/2016,2.3
16/07/2016,2.15
17/07/2016,3
18/07/2016,2.934782609
19/07/2016,3.130434783
20/07/2016,2.804347826
21/07/2016,2.673913043
22/07/2016,2.804347826
23/07/2016,2.673913043
24/07/2016,3
25/07/2016,3.071428571
26/07/2016,3.285714286
27/07/2016,3.357142857
28/07/2016,3.214285714
29/07/2016,3
30/07/2016,3
31/07/2016,3
01/08/2016,3.348837209
02/08/2016,3.976744186
03/08/2016,6.976744186
04/08/2016,4.395348837
05/08/2016,3.906976744
06/08/2016,3.209302326
07/08/2016,3
08/08/2016,2.875
09/08/2016,2.9375
10/08/2016,2.625
11/08/2016,2.625
12/08/2016,2.625
13/08/2016,2.4375
14/08/2016,2
15/08/2016,2.378378378
16/08/2016,2.324324324
17/08/2016,2.162162162
18/08/2016,2.378378378
19/08/2016,2.162162162
20/08/2016,2.108108108
21/08/2016,2
22/08/2016,2.216216216
23/08/2016,2.378378378
24/08/2016,2.324324324
25/08/2016,2.324324324
26/08/2016,2.216216216
27/08/2016,2.216216216
28/08/2016,2
29/08/2016,2.048780488
30/08/2016,2
31/08/2016,2
01/09/2016,2
02/09/2016,1.951219512
03/09/2016,2.048780488
04/09/2016,3
05/09/2016,3.066666667
06/09/2016,2.733333333
07/09/2016,2.933333333
08/09/2016,3.266666667
09/09/2016,3.133333333
10/09/2016,2.933333333
11/09/2016,3
12/09/2016,3
13/09/2016,3.066666667
14/09/2016,2.933333333
15/09/2016,3.066666667
16/09/2016,2.866666667
17/09/2016,2.666666667
18/09/2016,2
19/09/2016,1.952380952
20/09/2016,2.095238095
21/09/2016,2.238095238
22/09/2016,2.095238095
23/09/2016,2.095238095
24/09/2016,1.904761905
25/09/2016,2
26/09/2016,2.195121951
27/09/2016,2.146341463
28/09/2016,2.048780488
29/09/2016,2.097560976
30/09/2016,2.048780488
01/10/2016,2
02/10/2016,2
03/10/2016,2.461538462
04/10/2016,2.256410256
05/10/2016,2.153846154
06/10/2016,2.205128205
07/10/2016,2.307692308
08/10/2016,2.256410256
09/10/2016,3
10/10/2016,3.066666667
11/10/2016,3.6
12/10/2016,3.6
13/10/2016,3.133333333
14/10/2016,3.266666667
15/10/2016,3
16/10/2016,3
17/10/2016,3.428571429
18/10/2016,3.357142857
19/10/2016,3.285714286
20/10/2016,3.214285714
21/10/2016,3
22/10/2016,3
23/10/2016,3
24/10/2016,3
25/10/2016,3.391304348
26/10/2016,3.456521739
27/10/2016,3.717391304
28/10/2016,3.913043478
29/10/2016,4.239130435
30/10/2016,3
31/10/2016,2.709677419
01/11/2016,3
02/11/2016,3
03/11/2016,2.951612903
04/11/2016,2.951612903
05/11/2016,2.903225806
06/11/2016,3
07/11/2016,2.945454545
08/11/2016,2.836363636
09/11/2016,4.527272727
10/11/2016,3.109090909
11/11/2016,2.945454545
12/11/2016,3
13/11/2016,3
14/11/2016,2.946428571
15/11/2016,2.946428571
16/11/2016,2.946428571
17/11/2016,3.482142857
18/11/2016,3.375
19/11/2016,3
20/11/2016,3
21/11/2016,2.796610169
22/11/2016,3.254237288
23/11/2016,2.898305085
24/11/2016,3
25/11/2016,2.949152542
26/11/2016,2.796610169
27/11/2016,3
28/11/2016,3.157894737
29/11/2016,3.105263158
30/11/2016,3.105263158
01/12/2016,3.052631579
02/12/2016,3.210526316
03/12/2016,3.052631579
04/12/2016,3
05/12/2016,3.388888889
06/12/2016,3.166666667
07/12/2016,3.222222222
08/12/2016,3.444444444
09/12/2016,3
10/12/2016,3.166666667
11/12/2016,3
12/12/2016,3.346153846
13/12/2016,3.461538462
14/12/2016,3.288461538
15/12/2016,3.346153846
16/12/2016,3.288461538
17/12/2016,3.288461538
18/12/2016,4
19/12/2016,4.210526316
20/12/2016,4.210526316
21/12/2016,5.052631579
22/12/2016,6.315789474
23/12/2016,7.01754386
24/12/2016,5.824561404
25/12/2016,5
26/12/2016,4.680851064
27/12/2016,5.425531915
28/12/2016,5.957446809
29/12/2016,5.744680851
30/12/2016,5.212765957
31/12/2016,4.361702128
01/01/2017,7
02/01/2017,11.56521739
03/01/2017,10.5
04/01/2017,12.32608696
05/01/2017,15.2173913
06/01/2017,12.93478261
07/01/2017,10.65217391
08/01/2017,5
09/01/2017,4.838709677
10/01/2017,4.274193548
11/01/2017,5.241935484
12/01/2017,5.403225806
13/01/2017,4.435483871
14/01/2017,3.870967742
15/01/2017,4
16/01/2017,4.088888889
17/01/2017,4.444444444
18/01/2017,4.444444444
19/01/2017,3.911111111
20/01/2017,3.822222222
21/01/2017,3.644444444
22/01/2017,4
23/01/2017,4.390243902
24/01/2017,4.390243902
25/01/2017,4.292682927
26/01/2017,4.195121951
27/01/2017,4.097560976
28/01/2017,4
29/01/2017,4
30/01/2017,4.1
31/01/2017,4.5
01/02/2017,4.5
02/02/2017,4.9
03/02/2017,4.9
04/02/2017,4.5
05/02/2017,5
06/02/2017,5.11627907
07/02/2017,5.697674419
08/02/2017,5.813953488
09/02/2017,6.395348837
10/02/2017,5.813953488
11/02/2017,5.348837209
12/02/2017,4
13/02/2017,3.906976744
14/02/2017,3.906976744
15/02/2017,4.093023256
16/02/2017,4.279069767
17/02/2017,4.372093023
18/02/2017,4.186046512
19/02/2017,5
20/02/2017,5.11627907
21/02/2017,6.046511628
22/02/2017,6.162790698
23/02/2017,6.744186047
24/02/2017,8.023255814
25/02/2017,6.279069767
26/02/2017,6
27/02/2017,6.75
28/02/2017,6.625
01/03/2017,6.875
02/03/2017,8.375
03/03/2017,11.125
04/03/2017,8.625
05/03/2017,7
06/03/2017,7.593220339
07/03/2017,7.593220339
08/03/2017,8.305084746
09/03/2017,7.711864407
10/03/2017,10.79661017
11/03/2017,8.779661017
12/03/2017,6
13/03/2017,6.413793103
14/03/2017,5.896551724
15/03/2017,5.689655172
16/03/2017,6
17/03/2017,6.206896552
18/03/2017,7.344827586
19/03/2017,6
20/03/2017,5.727272727
21/03/2017,5.454545455
22/03/2017,5.727272727
23/03/2017,5.181818182
24/03/2017,5.454545455
25/03/2017,5.727272727
26/03/2017,5
27/03/2017,5.277777778
28/03/2017,5.277777778
29/03/2017,5
30/03/2017,4.722222222
31/03/2017,5
01/04/2017,4.722222222
02/04/2017,5
03/04/2017,5.625
04/04/2017,5.625
05/04/2017,5.3125
06/04/2017,5.625
07/04/2017,5.625
08/04/2017,5.3125
09/04/2017,5
10/04/2017,5
11/04/2017,5.294117647
12/04/2017,5.588235294
13/04/2017,5.294117647
14/04/2017,4.705882353
15/04/2017,4.411764706
16/04/2017,5
17/04/2017,5.3125
18/04/2017,5.9375
19/04/2017,5.625
20/04/2017,5.3125
21/04/2017,5.625
22/04/2017,5.3125
23/04/2017,5
24/04/2017,5.3125
25/04/2017,5.9375
26/04/2017,6.25
27/04/2017,6.5625
28/04/2017,6.5625
29/04/2017,5.9375
30/04/2017,7
01/05/2017,9.470588235
02/05/2017,10.29411765
03/05/2017,11.11764706
04/05/2017,13.58823529
05/05/2017,12.35294118
06/05/2017,10.29411765
07/05/2017,10
08/05/2017,11.6
09/05/2017,14.8
10/05/2017,13.6
11/05/2017,15.2
12/05/2017,17.6
13/05/2017,18
14/05/2017,11
15/05/2017,15.34210526
16/05/2017,13.89473684
17/05/2017,11.57894737
18/05/2017,10.13157895
19/05/2017,11.86842105
20/05/2017,11.28947368
21/05/2017,19
22/05/2017,29.19512195
23/05/2017,31.97560976
24/05/2017,35.2195122
25/05/2017,46.34146341
26/05/2017,36.6097561
27/05/2017,31.04878049
28/05/2017,12
29/05/2017,12.24
30/05/2017,11.76
31/05/2017,11.28
01/06/2017,11.28
02/06/2017,9.84
03/06/2017,9.12
04/06/2017,12
05/06/2017,12.94736842
06/06/2017,18
07/06/2017,16.10526316
08/06/2017,13.26315789
09/06/2017,13.57894737
10/06/2017,13.26315789
11/06/2017,13
12/06/2017,17.24489796
13/06/2017,15.3877551
14/06/2017,15.12244898
15/06/2017,17.7755102
16/06/2017,14.32653061
17/06/2017,12.46938776
18/06/2017,11
19/06/2017,11.5
20/06/2017,12.25
21/06/2017,12.5
22/06/2017,12
23/06/2017,11.75
24/06/2017,11
25/06/2017,11
26/06/2017,13.61904762
27/06/2017,15.19047619
28/06/2017,14.92857143
29/06/2017,12.04761905
30/06/2017,10.73809524
01/07/2017,9.952380952
02/07/2017,9
03/07/2017,9.230769231
04/07/2017,9.230769231
05/07/2017,9.230769231
06/07/2017,9.230769231
07/07/2017,8.769230769
08/07/2017,8.307692308
09/07/2017,10
10/07/2017,11.94444444
11/07/2017,13.88888889
12/07/2017,12.5
13/07/2017,12.22222222
14/07/2017,11.94444444
15/07/2017,13.88888889
16/07/2017,12
17/07/2017,11.56363636
18/07/2017,11.34545455
19/07/2017,10.25454545
20/07/2017,11.56363636
21/07/2017,11.34545455
22/07/2017,9.818181818
23/07/2017,11
24/07/2017,11.24444444
25/07/2017,11.97777778
26/07/2017,11.48888889
27/07/2017,11.24444444
28/07/2017,12.71111111
29/07/2017,10.51111111
30/07/2017,15
31/07/2017,18.92857143
01/08/2017,32.85714286
02/08/2017,30
03/08/2017,20.35714286
04/08/2017,18.57142857
05/08/2017,24.64285714
06/08/2017,14
07/08/2017,15.96491228
08/08/2017,16.70175439
09/08/2017,14.98245614
10/08/2017,14.24561404
11/08/2017,14.98245614
12/08/2017,17.43859649
13/08/2017,20
14/08/2017,22.5
15/08/2017,22.72727273
16/08/2017,18.63636364
17/08/2017,18.63636364
18/08/2017,18.86363636
19/08/2017,17.27272727
20/08/2017,16
21/08/2017,16.47058824
22/08/2017,18.11764706
23/08/2017,16.70588235
24/08/2017,15.76470588
25/08/2017,16.47058824
26/08/2017,14.11764706
27/08/2017,17
28/08/2017,18.19298246
29/08/2017,21.77192982
30/08/2017,22.36842105
31/08/2017,24.15789474
01/09/2017,26.24561404
02/09/2017,24.45614035
03/09/2017,18
04/09/2017,22.28571429
05/09/2017,22.71428571
06/09/2017,19.71428571
07/09/2017,18
08/09/2017,19.71428571
09/09/2017,15.85714286
10/09/2017,21
11/09/2017,23.27027027
12/09/2017,23.27027027
13/09/2017,31.78378378
14/09/2017,38.59459459
15/09/2017,43.13513514
16/09/2017,27.81081081
17/09/2017,16
18/09/2017,18.8
19/09/2017,17.6
20/09/2017,15.2
21/09/2017,15.6
22/09/2017,14.8
23/09/2017,11.6
24/09/2017,13
25/09/2017,15.32142857
26/09/2017,14.39285714
27/09/2017,16.25
28/09/2017,15.32142857
29/09/2017,14.85714286
30/09/2017,13.92857143
01/10/2017,12
02/10/2017,14.06896552
03/10/2017,14.06896552
04/10/2017,13.24137931
05/10/2017,12.82758621
06/10/2017,12.4137931
07/10/2017,12
08/10/2017,19
09/10/2017,22.5625
10/10/2017,22.5625
11/10/2017,22.5625
12/10/2017,36.8125
13/10/2017,44.53125
14/10/2017,30.875
15/10/2017,20
16/10/2017,20.41666667
17/10/2017,19.16666667
18/10/2017,20
19/10/2017,18.75
20/10/2017,22.08333333
21/10/2017,24.58333333
22/10/2017,21
23/10/2017,23.94
24/10/2017,25.62
25/10/2017,23.1
26/10/2017,22.26
27/10/2017,19.32
28/10/2017,16.8
29/10/2017,28
30/10/2017,33.20930233
31/10/2017,38.41860465
01/11/2017,47.53488372
02/11/2017,64.46511628
03/11/2017,56
04/11/2017,44.93023256
05/11/2017,29
06/11/2017,30.70588235
07/11/2017,28.14705882
08/11/2017,31.55882353
09/11/2017,29.42647059
10/11/2017,34.97058824
11/11/2017,34.11764706
12/11/2017,31
13/11/2017,27.28
14/11/2017,21.39
15/11/2017,21.7
16/11/2017,22.32
17/11/2017,25.11
18/11/2017,20.15
19/11/2017,28
20/11/2017,37.01694915
21/11/2017,38.44067797
22/11/2017,34.16949153
23/11/2017,31.79661017
24/11/2017,29.89830508
25/11/2017,32.27118644
26/11/2017,65
27/11/2017,86.66666667
28/11/2017,100.2083333
29/11/2017,165.2083333
30/11/2017,138.125
01/12/2017,102.9166667
02/12/2017,78.54166667
03/12/2017,90
04/12/2017,105
05/12/2017,105
06/12/2017,141
07/12/2017,285
08/12/2017,258
09/12/2017,171
10/12/2017,85
11/12/2017,97.59259259
12/12/2017,92.87037037
13/12/2017,83.42592593
14/12/2017,72.40740741
15/12/2017,66.11111111
16/12/2017,66.11111111
17/12/2017,100
18/12/2017,102.173913
19/12/2017,110.8695652
20/12/2017,150
21/12/2017,113.0434783
22/12/2017,217.3913043
23/12/2017,134.7826087
24/12/2017,63
25/12/2017,54.95744681
26/12/2017,53.61702128
27/12/2017,49.59574468
28/12/2017,50.93617021
29/12/2017,44.23404255
30/12/2017,44.23404255
31/12/2017,48
01/01/2018,44.57142857
02/01/2018,53.14285714
03/01/2018,53.14285714
04/01/2018,51.42857143
05/01/2018,49.71428571
06/01/2018,44.57142857
07/01/2018,46
08/01/2018,51.30769231
09/01/2018,49.53846154
10/01/2018,51.30769231
11/01/2018,58.38461538
12/01/2018,47.76923077
13/01/2018,42.46153846
14/01/2018,58
15/01/2018,58
16/01/2018,113.3636364
17/01/2018,150.2727273
18/01/2018,108.0909091
19/01/2018,79.09090909
20/01/2018,63.27272727
21/01/2018,38
22/01/2018,46.63636364
23/01/2018,43.18181818
24/01/2018,39.72727273
25/01/2018,38
26/01/2018,39.72727273
27/01/2018,31.09090909
28/01/2018,40
29/01/2018,42.22222222
30/01/2018,46.66666667
31/01/2018,48.88888889
01/02/2018,64.44444444
02/02/2018,84.44444444
03/02/2018,53.33333333
04/02/2018,47
05/02/2018,85.04761905
06/02/2018,105.1904762
07/02/2018,64.9047619
08/02/2018,55.95238095
09/02/2018,49.23809524
10/02/2018,40.28571429
11/02/2018,27
12/02/2018,30.375
13/02/2018,27
14/02/2018,28.6875
15/02/2018,30.375
16/02/2018,27
17/02/2018,25.3125
18/02/2018,24
19/02/2018,22.25
20/02/2018,25
21/02/2018,25
22/02/2018,23.25
23/02/2018,21
24/02/2018,18
25/02/2018,19
26/02/2018,20.62857143
27/02/2018,20.9
28/02/2018,20.35714286
01/03/2018,18.72857143
02/03/2018,18.72857143
03/03/2018,18.18571429
04/03/2018,19
05/03/2018,20.9
06/03/2018,21.85
07/03/2018,24.7
08/03/2018,24.7
09/03/2018,26.6
10/03/2018,19.95
11/03/2018,19
12/03/2018,20.83870968
13/03/2018,19.61290323
14/03/2018,23.59677419
15/03/2018,26.96774194
16/03/2018,21.75806452
17/03/2018,19.61290323
18/03/2018,18
19/03/2018,17.2987013
20/03/2018,16.12987013
21/03/2018,15.8961039
22/03/2018,15.19480519
23/03/2018,14.25974026
24/03/2018,11.92207792
25/03/2018,18
26/03/2018,24.79245283
27/03/2018,22.0754717
28/03/2018,21.05660377
29/03/2018,24.79245283
30/03/2018,27.50943396
31/03/2018,20.71698113
01/04/2018,17
02/04/2018,18.30769231
03/04/2018,17.26153846
04/04/2018,15.95384615
05/04/2018,17
06/04/2018,17.52307692
07/04/2018,14.12307692
08/04/2018,16
09/04/2018,18.82352941
10/04/2018,18.19607843
11/04/2018,16.62745098
12/04/2018,21.33333333
13/04/2018,21.01960784
14/04/2018,16.31372549
15/04/2018,14
16/04/2018,15.12
17/04/2018,14.84
18/04/2018,14.84
19/04/2018,15.12
20/04/2018,15.68
21/04/2018,14
22/04/2018,15
23/04/2018,16.5
24/04/2018,19.5
25/04/2018,18.3
26/04/2018,15.3
27/04/2018,15
28/04/2018,13.2
29/04/2018,12
30/04/2018,12.53333333
01/05/2018,12.26666667
02/05/2018,12
03/05/2018,13.06666667
04/05/2018,12.8
05/05/2018,12.53333333
06/05/2018,13
07/05/2018,14.77272727
08/05/2018,13.88636364
09/05/2018,13.29545455
10/05/2018,13
11/05/2018,16.25
12/05/2018,12.70454545
13/05/2018,11
14/05/2018,12.3943662
15/05/2018,11.46478873
16/05/2018,11.61971831
17/05/2018,11
18/05/2018,11
19/05/2018,9.14084507
20/05/2018,11
21/05/2018,12.62295082
22/05/2018,12.98360656
23/05/2018,15.86885246
24/05/2018,15.14754098
25/05/2018,12.62295082
26/05/2018,10.81967213
27/05/2018,10
28/05/2018,11.07692308
29/05/2018,11.53846154
30/05/2018,10.92307692
31/05/2018,10.30769231
01/06/2018,9.384615385
02/06/2018,8.923076923
03/06/2018,10
04/06/2018,10.33333333
05/06/2018,10.83333333
06/06/2018,10.33333333
07/06/2018,10.33333333
08/06/2018,9.833333333
09/06/2018,9
10/06/2018,12
11/06/2018,16.21621622
12/06/2018,13.13513514
13/06/2018,14.91891892
14/06/2018,13.13513514
15/06/2018,11.02702703
16/06/2018,9.567567568
17/06/2018,10
18/06/2018,11.72413793
19/06/2018,11.20689655
20/06/2018,11.03448276
21/06/2018,10.34482759
22/06/2018,13.10344828
23/06/2018,11.37931034
24/06/2018,11
25/06/2018,10.10810811
26/06/2018,9.662162162
27/06/2018,9.067567568
28/06/2018,9.067567568
29/06/2018,11.89189189
30/06/2018,10.40540541
01/07/2018,10
02/07/2018,11.31147541
03/07/2018,10.81967213
04/07/2018,10.16393443
05/07/2018,10.49180328
06/07/2018,9.508196721
07/07/2018,8.360655738
08/07/2018,9
09/07/2018,9.160714286
10/07/2018,10.28571429
11/07/2018,9.160714286
12/07/2018,10.125
13/07/2018,9.482142857
14/07/2018,8.357142857
15/07/2018,11
16/07/2018,13.15686275
17/07/2018,17.03921569
18/07/2018,19.62745098
19/07/2018,16.17647059
20/07/2018,15.09803922
21/07/2018,12.94117647
22/07/2018,12
23/07/2018,14.6
24/07/2018,18.8
25/07/2018,17.2
26/07/2018,15.8
27/07/2018,15.6
28/07/2018,12.6
29/07/2018,10
30/07/2018,11.14754098
31/07/2018,11.80327869
01/08/2018,11.31147541
02/08/2018,10.49180328
03/08/2018,10.98360656
04/08/2018,10.49180328
05/08/2018,11
06/08/2018,11.95652174
07/08/2018,12.27536232
08/08/2018,14.98550725
09/08/2018,12.5942029
10/08/2018,12.5942029
11/08/2018,12.27536232
12/08/2018,11
13/08/2018,12.5942029
14/08/2018,15.14492754
15/08/2018,13.71014493
16/08/2018,11.95652174
17/08/2018,11.63768116
18/08/2018,9.884057971
19/08/2018,10
20/08/2018,11.3559322
21/08/2018,12.54237288
22/08/2018,13.22033898
23/08/2018,12.03389831
24/08/2018,11.52542373
25/08/2018,10.16949153
26/08/2018,10
27/08/2018,10.81967213
28/08/2018,12.78688525
29/08/2018,12.29508197
30/08/2018,12.13114754
31/08/2018,10.98360656
01/09/2018,10
02/09/2018,11
03/09/2018,11.6875
04/09/2018,12.890625
05/09/2018,14.953125
06/09/2018,17.1875
07/09/2018,13.234375
08/09/2018,11.34375
09/09/2018,10
10/09/2018,11.4516129
11/09/2018,11.4516129
12/09/2018,12.90322581
13/09/2018,12.25806452
14/09/2018,11.29032258
15/09/2018,9.677419355
16/09/2018,9
17/09/2018,10.42105263
18/09/2018,10.10526316
19/09/2018,10.42105263
20/09/2018,10.26315789
21/09/2018,11.05263158
22/09/2018,9.789473684
23/09/2018,8
24/09/2018,8.714285714
25/09/2018,9.428571429
26/09/2018,8.714285714
27/09/2018,8.857142857
28/09/2018,8.571428571
29/09/2018,7.428571429
30/09/2018,8
01/10/2018,8.452830189
02/10/2018,8.603773585
03/10/2018,8.754716981
04/10/2018,8.754716981
05/10/2018,8.452830189
06/10/2018,7.698113208
07/10/2018,8
08/10/2018,9.955555556
09/10/2018,10.31111111
10/10/2018,10.31111111
11/10/2018,13.68888889
12/10/2018,11.73333333
13/10/2018,9.422222222
14/10/2018,8
15/10/2018,10.92307692
16/10/2018,9.076923077
17/10/2018,9.230769231
18/10/2018,9.230769231
19/10/2018,8.307692308
20/10/2018,7.692307692
21/10/2018,7
22/10/2018,8
23/10/2018,8.142857143
24/10/2018,8.285714286
25/10/2018,8.142857143
26/10/2018,7.285714286
27/10/2018,7
28/10/2018,8
29/10/2018,10.48275862
30/10/2018,10.20689655
31/10/2018,11.03448276
01/11/2018,10.48275862
02/11/2018,10.20689655
03/11/2018,8.827586207
04/11/2018,8
05/11/2018,9.111111111
06/11/2018,8.888888889
07/11/2018,8.666666667
08/11/2018,8.666666667
09/11/2018,8
10/11/2018,6.888888889
11/11/2018,10
12/11/2018,11.25
13/11/2018,11.875
14/11/2018,18.75
15/11/2018,21.875
16/11/2018,16.5625
17/11/2018,13.75
18/11/2018,14
19/11/2018,24.76923077
20/11/2018,35.8974359
21/11/2018,28
22/11/2018,20.1025641
23/11/2018,20.82051282
24/11/2018,19.38461538
25/11/2018,14
26/11/2018,13.65432099
27/11/2018,12.27160494
28/11/2018,11.58024691
29/11/2018,10.19753086
30/11/2018,9.333333333
01/12/2018,8.12345679
02/12/2018,11
03/12/2018,14.14285714
04/12/2018,13.88095238
05/12/2018,13.35714286
06/12/2018,14.4047619
07/12/2018,18.5952381
08/12/2018,14.14285714
09/12/2018,11
10/12/2018,12.12244898
11/12/2018,11.67346939
12/12/2018,10.7755102
13/12/2018,11.44897959
14/12/2018,12.34693878
15/12/2018,11.2244898
16/12/2018,11
17/12/2018,13.44444444
18/12/2018,13.44444444
19/12/2018,14.42222222
20/12/2018,15.4
21/12/2018,13.68888889
22/12/2018,11
23/12/2018,10
24/12/2018,11.59090909
25/12/2018,11.13636364
26/12/2018,10.68181818
27/12/2018,10.68181818
28/12/2018,10.90909091
29/12/2018,10
30/12/2018,9
31/12/2018,9
01/01/2019,9
02/01/2019,10.125
03/01/2019,10.35
04/01/2019,9.9
05/01/2019,8.325
06/01/2019,9
07/01/2019,9.923076923
08/01/2019,9.692307692
09/01/2019,9.692307692
10/01/2019,11.30769231
11/01/2019,9.923076923
12/01/2019,8.538461538
13/01/2019,8
14/01/2019,8.631578947
15/01/2019,8.631578947
16/01/2019,8
17/01/2019,7.789473684
18/01/2019,7.578947368
19/01/2019,6.947368421
20/01/2019,7
21/01/2019,7.736842105
22/01/2019,7.368421053
23/01/2019,7.552631579
24/01/2019,7.736842105
25/01/2019,7.368421053
26/01/2019,6.447368421
27/01/2019,7
28/01/2019,8.944444444
29/01/2019,8.75
30/01/2019,7.972222222
31/01/2019,7.777777778
01/02/2019,7.583333333
02/02/2019,7
03/02/2019,8
04/02/2019,9.828571429
05/02/2019,11.65714286
06/02/2019,10.74285714
07/02/2019,10.05714286
08/02/2019,10.51428571
09/02/2019,9.828571429
10/02/2019,7
11/02/2019,7.945945946
12/02/2019,7.756756757
13/02/2019,7.567567568
14/02/2019,7.756756757
15/02/2019,7.378378378
16/02/2019,6.621621622
17/02/2019,8
18/02/2019,11.11111111
19/02/2019,11.55555556
20/02/2019,10.88888889
21/02/2019,10.22222222
22/02/2019,9.777777778
23/02/2019,10
24/02/2019,8
25/02/2019,6.943396226
26/02/2019,6.79245283
27/02/2019,6.037735849
28/02/2019,6.037735849
01/03/2019,5.886792453
02/03/2019,5.433962264
03/03/2019,7
04/03/2019,8
05/03/2019,8.4
06/03/2019,8.4
07/03/2019,8.2
08/03/2019,7.8
09/03/2019,7.8
10/03/2019,7
11/03/2019,7.189189189
12/03/2019,7.378378378
13/03/2019,7
14/03/2019,6.810810811
15/03/2019,6.810810811
16/03/2019,7.189189189
17/03/2019,7
18/03/2019,8
19/03/2019,8.4
20/03/2019,8.6
21/03/2019,8.4
22/03/2019,7.8
23/03/2019,7.2
24/03/2019,7
25/03/2019,7.617647059
26/03/2019,7.823529412
27/03/2019,8.647058824
28/03/2019,8.235294118
29/03/2019,8.235294118
30/03/2019,7
31/03/2019,12
01/04/2019,14.74285714
02/04/2019,32.91428571
03/04/2019,34.28571429
04/04/2019,25.02857143
05/04/2019,19.88571429
06/04/2019,17.48571429
07/04/2019,10
08/04/2019,12.11538462
09/04/2019,11.15384615
10/04/2019,11.15384615
11/04/2019,11.34615385
12/04/2019,9.807692308
13/04/2019,8.461538462
14/04/2019,8
15/04/2019,9.684210526
16/04/2019,9.263157895
17/04/2019,9.684210526
18/04/2019,9.263157895
19/04/2019,8.842105263
20/04/2019,8.842105263
21/04/2019,9
22/04/2019,10.42105263
23/04/2019,13.26315789
24/04/2019,11.84210526
25/04/2019,11.36842105
26/04/2019,11.84210526
27/04/2019,9
28/04/2019,8
29/04/2019,8.421052632
30/04/2019,8.421052632
01/05/2019,8.421052632
02/05/2019,8.842105263
03/05/2019,11.36842105
04/05/2019,10.10526316
05/05/2019,12
06/05/2019,12.54545455
07/05/2019,14.72727273
08/05/2019,15.27272727
09/05/2019,16.90909091
10/05/2019,18
11/05/2019,23.45454545
12/05/2019,19
13/05/2019,21.11111111
14/05/2019,24.91111111
15/05/2019,20.68888889
16/05/2019,19.42222222
17/05/2019,19
18/05/2019,13.93333333
19/05/2019,13
20/05/2019,13.35135135
21/05/2019,12.64864865
22/05/2019,12.2972973
23/05/2019,11.24324324
24/05/2019,10.89189189
25/05/2019,9.837837838
26/05/2019,14
27/05/2019,19.6
28/05/2019,17.73333333
29/05/2019,16.8
30/05/2019,18.2
31/05/2019,15.86666667
01/06/2019,14
02/06/2019,12
03/06/2019,12.82758621
04/06/2019,14.89655172
05/06/2019,13.24137931
06/06/2019,12
07/06/2019,12.4137931
08/06/2019,10.75862069
09/06/2019,11
10/06/2019,12.375
11/06/2019,12.375
12/06/2019,12.375
13/06/2019,12.375
14/06/2019,13.75
15/06/2019,13.29166667
16/06/2019,17
17/06/2019,18.83783784
18/06/2019,17.91891892
19/06/2019,15.62162162
20/06/2019,15.62162162
21/06/2019,20.21621622
22/06/2019,32.16216216
23/06/2019,26
24/06/2019,26.53061224
25/06/2019,29.71428571
26/06/2019,53.06122449
27/06/2019,45.10204082
28/06/2019,33.42857143
29/06/2019,24.93877551
30/06/2019,17
01/07/2019,19.83333333
02/07/2019,19.42857143
03/07/2019,17.80952381
04/07/2019,17
05/07/2019,15.38095238
06/07/2019,13.35714286
07/07/2019,16
08/07/2019,20
09/07/2019,22.82352941
10/07/2019,23.52941176
11/07/2019,21.41176471
12/07/2019,22.11764706
13/07/2019,17.64705882
14/07/2019,16
15/07/2019,20.54054054
16/07/2019,20.54054054
17/07/2019,21.18918919
18/07/2019,19.89189189
19/07/2019,17.51351351
20/07/2019,14.27027027
21/07/2019,13
22/07/2019,13.8
23/07/2019,14.6
24/07/2019,15.2
25/07/2019,14.2
26/07/2019,13.4
27/07/2019,13.6
28/07/2019,12
29/07/2019,13.18032787
30/07/2019,12.98360656
31/07/2019,13.37704918
01/08/2019,13.18032787
02/08/2019,13.7704918
03/08/2019,12.78688525
04/08/2019,14
05/08/2019,21.67741935
06/08/2019,20.77419355
07/08/2019,19.19354839
08/08/2019,17.61290323
09/08/2019,15.58064516
10/08/2019,14.4516129
11/08/2019,13
12/08/2019,15.50877193
13/08/2019,15.73684211
14/08/2019,17.56140351
15/08/2019,18.70175439
16/08/2019,15.73684211
17/08/2019,13.45614035
18/08/2019,12
19/08/2019,13.6
20/08/2019,13.2
21/08/2019,13.8
22/08/2019,13
23/08/2019,12.4
24/08/2019,11.2
25/08/2019,11
26/08/2019,12.6
27/08/2019,12.6
28/08/2019,12.8
29/08/2019,14
30/08/2019,11.8
31/08/2019,10.4
01/09/2019,11
02/09/2019,13.86
03/09/2019,14.52
04/09/2019,14.08
05/09/2019,12.76
06/09/2019,13.42
07/09/2019,11.22
08/09/2019,9
09/09/2019,9.918367347
10/09/2019,9.551020408
11/09/2019,9.918367347
12/09/2019,9.918367347
13/09/2019,9.183673469
14/09/2019,8.448979592
15/09/2019,9
16/09/2019,10.43181818
17/09/2019,10.02272727
18/09/2019,10.22727273
19/09/2019,11.04545455
20/09/2019,9.818181818
21/09/2019,8.795454545
22/09/2019,12
23/09/2019,14.79069767
24/09/2019,19.81395349
25/09/2019,23.1627907
26/09/2019,21.48837209
27/09/2019,19.81395349
28/09/2019,15.62790698
29/09/2019,10
30/09/2019,12.06896552
01/10/2019,11.37931034
02/10/2019,10.51724138
03/10/2019,10.34482759
04/10/2019,9.655172414
05/10/2019,8.793103448
06/10/2019,9
07/10/2019,10.76470588
08/10/2019,10.23529412
09/10/2019,10.41176471
10/10/2019,10.05882353
11/10/2019,9.705882353
12/10/2019,8.647058824
13/10/2019,9
14/10/2019,10.125
15/10/2019,10.125
16/10/2019,10.5
17/10/2019,10.3125
18/10/2019,9.9375
19/10/2019,8.8125
20/10/2019,10
21/10/2019,11.25
22/10/2019,10.83333333
23/10/2019,13.75
24/10/2019,13.125
25/10/2019,14.375
26/10/2019,20.83333333
27/10/2019,11
28/10/2019,11.46478873
29/10/2019,10.38028169
30/10/2019,9.605633803
31/10/2019,9.14084507
01/11/2019,8.676056338
02/11/2019,8.056338028
03/11/2019,9
04/11/2019,10.83673469
05/11/2019,11.02040816
06/11/2019,10.10204082
07/11/2019,9.918367347
08/11/2019,10.46938776
09/11/2019,9.183673469
10/11/2019,8
11/11/2019,8.8
12/11/2019,8.64
13/11/2019,8.48
14/11/2019,7.84
15/11/2019,7.84
16/11/2019,7.52
17/11/2019,10
18/11/2019,11.52173913
19/11/2019,12.39130435
20/11/2019,11.30434783
21/11/2019,13.69565217
22/11/2019,16.52173913
23/11/2019,12.82608696
24/11/2019,10
25/11/2019,13.75
26/11/2019,11.78571429
27/11/2019,11.42857143
28/11/2019,10.71428571
29/11/2019,9.464285714
30/11/2019,8.928571429
01/12/2019,9
02/12/2019,9.72
03/12/2019,9.72
04/12/2019,9.9
05/12/2019,9.54
06/12/2019,9.18
07/12/2019,8.46
08/12/2019,8
09/12/2019,8.888888889
10/12/2019,9.066666667
11/12/2019,9.244444444
12/12/2019,9.244444444
13/12/2019,8.888888889
14/12/2019,8.711111111
15/12/2019,9
16/12/2019,10.34042553
17/12/2019,12.44680851
18/12/2019,12.25531915
19/12/2019,11.68085106
20/12/2019,10.34042553
21/12/2019,9.191489362
22/12/2019,8
23/12/2019,9.403508772
24/12/2019,8.701754386
25/12/2019,8.280701754
26/12/2019,8.842105263
27/12/2019,8.421052632
28/12/2019,8
29/12/2019,9
30/12/2019,8.847457627
31/12/2019,8.389830508
01/01/2020,8.847457627
02/01/2020,9.915254237
03/01/2020,10.6779661
04/01/2020,9.762711864
05/01/2020,11
06/01/2020,12.5
07/01/2020,14.5
08/01/2020,16
09/01/2020,12.33333333
10/01/2020,12.66666667
11/01/2020,11.33333333
12/01/2020,11
13/01/2020,11.34920635
14/01/2020,16.58730159
15/01/2020,15.88888889
16/01/2020,13.96825397
17/01/2020,14.31746032
18/01/2020,12.92063492
19/01/2020,10
20/01/2020,9.259259259
21/01/2020,9.012345679
22/01/2020,8.641975309
23/01/2020,8.518518519
24/01/2020,8.024691358
25/01/2020,7.530864198
26/01/2020,10
27/01/2020,12.28070175
28/01/2020,13.85964912
29/01/2020,14.38596491
30/01/2020,14.38596491
31/01/2020,13.50877193
01/02/2020,12.10526316
02/02/2020,11
03/02/2020,11.80882353
04/02/2020,12.13235294
05/02/2020,12.94117647
06/02/2020,13.42647059
07/02/2020,13.10294118
08/02/2020,12.13235294
09/02/2020,12
10/02/2020,10.56
11/02/2020,10.8
12/02/2020,12
13/02/2020,10.92
14/02/2020,9.48
15/02/2020,9.6
16/02/2020,11