AMD_date,AMD_ouv,AMD_haut,AMD_bas,AMD_clot,AMD_vol,AMD_devise
05/01/2015 00:00,2.67,2.695,2.64,2.66,8831006,USD
06/01/2015 00:00,2.65,2.66,2.555,2.63,13912545,USD
07/01/2015 00:00,2.63,2.64,2.54,2.58,12370606,USD
08/01/2015 00:00,2.59,2.64,2.56,2.61,11128805,USD
09/01/2015 00:00,2.63,2.635,2.58,2.63,8907398,USD
12/01/2015 00:00,2.62,2.64,2.555,2.63,9964633,USD
13/01/2015 00:00,2.61,2.68,2.61,2.66,17885164,USD
14/01/2015 00:00,2.6,2.66,2.585,2.63,9977872,USD
15/01/2015 00:00,2.62,2.64,2.49,2.52,17714973,USD
16/01/2015 00:00,2.52,2.52,2.39,2.39,30161636,USD
20/01/2015 00:00,2.39,2.42,2.19,2.24,56551722,USD
21/01/2015 00:00,2.18,2.45,2.14,2.45,46504132,USD
22/01/2015 00:00,2.42,2.5,2.375,2.47,36165817,USD
23/01/2015 00:00,2.5,2.5,2.435,2.45,11101690,USD
26/01/2015 00:00,2.44,2.64,2.44,2.61,36526915,USD
27/01/2015 00:00,2.58,2.84,2.57,2.7,51794743,USD
28/01/2015 00:00,2.71,2.75,2.605,2.63,24773543,USD
29/01/2015 00:00,2.63,2.69,2.62,2.65,1090411,USD
30/01/2015 00:00,2.56,2.6,2.51,2.57,12903399,USD
02/02/2015 00:00,2.71,2.75,2.65,2.67,25586601,USD
03/02/2015 00:00,2.7,2.8,2.68,2.76,22586137,USD
04/02/2015 00:00,2.78,2.915,2.76,2.85,34824508,USD
05/02/2015 00:00,2.88,3.365,2.87,3.31,73145359,USD
06/02/2015 00:00,3.2,3.21,3,3.03,38115304,USD
09/02/2015 00:00,3.03,3.07,2.935,3.04,24109252,USD
10/02/2015 00:00,3.07,3.095,3.01,3.04,13954912,USD
11/02/2015 00:00,3.03,3.1,3,3.07,11733988,USD
12/02/2015 00:00,3.08,3.145,3.055,3.12,12969294,USD
13/02/2015 00:00,3.13,3.175,3.11,3.15,9584235,USD
17/02/2015 00:00,3.16,3.17,3.08,3.11,8672730,USD
18/02/2015 00:00,3.11,3.135,3.06,3.08,7277617,USD
19/02/2015 00:00,3.06,3.08,3.015,3.055,6552166,USD
20/02/2015 00:00,3.03,3.12,3.025,3.06,10667086,USD
23/02/2015 00:00,3.03,3.1,3.03,3.06,6318736,USD
24/02/2015 00:00,3.06,3.11,3.02,3.11,10899377,USD
25/02/2015 00:00,3.08,3.14,3.065,3.1,6149086,USD
26/02/2015 00:00,3.1,3.125,3.06,3.08,8677521,USD
27/02/2015 00:00,3.07,3.12,3.07,3.11,7148939,USD
02/03/2015 00:00,3.13,3.23,3.12,3.21,15612020,USD
03/03/2015 00:00,3.2,3.22,3.135,3.14,8644182,USD
04/03/2015 00:00,3.14,3.14,3.01,3.05,12113088,USD
05/03/2015 00:00,3.1,3.1,2.98,2.98,11457125,USD
06/03/2015 00:00,2.96,2.99,2.84,2.92,16785136,USD
09/03/2015 00:00,2.92,2.98,2.91,2.93,12318277,USD
10/03/2015 00:00,2.97,2.98,2.92,2.925,8897729,USD
11/03/2015 00:00,2.92,2.945,2.805,2.84,11750482,USD
12/03/2015 00:00,2.75,2.79,2.72,2.76,13825137,USD
13/03/2015 00:00,2.74,2.77,2.715,2.75,8098965,USD
16/03/2015 00:00,2.75,2.8,2.75,2.76,6130375,USD
17/03/2015 00:00,2.75,2.795,2.74,2.77,7740049,USD
18/03/2015 00:00,2.77,2.82,2.72,2.75,11383890,USD
19/03/2015 00:00,2.76,2.78,2.73,2.74,8781601,USD
20/03/2015 00:00,2.76,2.8,2.74,2.8,10761776,USD
23/03/2015 00:00,2.81,2.85,2.809,2.84,7449247,USD
24/03/2015 00:00,2.85,2.85,2.76,2.79,8701618,USD
25/03/2015 00:00,2.78,2.79,2.56,2.63,26953409,USD
26/03/2015 00:00,2.59,2.7,2.53,2.65,28200341,USD
27/03/2015 00:00,2.7,2.8,2.63,2.72,16819231,USD
30/03/2015 00:00,2.73,2.76,2.657,2.7,8557527,USD
31/03/2015 00:00,2.66,2.7,2.65,2.68,7022642,USD
01/04/2015 00:00,2.66,2.75,2.65,2.69,11196674,USD
02/04/2015 00:00,2.66,2.7,2.65,2.69,7032363,USD
06/04/2015 00:00,2.68,2.73,2.68,2.7,8029349,USD
07/04/2015 00:00,2.7,2.74,2.69,2.7,5725721,USD
08/04/2015 00:00,2.68,2.74,2.68,2.71,4348515,USD
09/04/2015 00:00,2.69,2.75,2.69,2.72,7114606,USD
10/04/2015 00:00,2.74,2.78,2.73,2.76,6174674,USD
13/04/2015 00:00,2.76,2.8,2.73,2.78,8385806,USD
14/04/2015 00:00,2.77,2.79,2.65,2.67,13345015,USD
15/04/2015 00:00,2.7,2.74,2.65,2.7,15241704,USD
16/04/2015 00:00,2.72,2.94,2.7,2.87,27938684,USD
17/04/2015 00:00,2.55,2.58,2.45,2.575,53105290,USD
20/04/2015 00:00,2.56,2.57,2.45,2.49,29138634,USD
21/04/2015 00:00,2.53,2.53,2.35,2.35,31231256,USD
22/04/2015 00:00,2.35,2.36,2.25,2.28,27596901,USD
23/04/2015 00:00,2.28,2.36,2.26,2.33,15121842,USD
24/04/2015 00:00,2.36,2.38,2.3,2.3,14092458,USD
27/04/2015 00:00,2.3,2.36,2.29,2.34,12770418,USD
28/04/2015 00:00,2.35,2.37,2.31,2.31,11426428,USD
29/04/2015 00:00,2.3,2.33,2.27,2.28,11865008,USD
30/04/2015 00:00,2.26,2.31,2.26,2.26,11442687,USD
01/05/2015 00:00,2.26,2.31,2.25,2.31,11652530,USD
04/05/2015 00:00,2.31,2.36,2.31,2.315,9348392,USD
05/05/2015 00:00,2.34,2.34,2.25,2.28,12363469,USD
06/05/2015 00:00,2.29,2.305,2.24,2.29,18481449,USD
07/05/2015 00:00,2.31,2.32,2.26,2.32,15009966,USD
08/05/2015 00:00,2.33,2.36,2.3,2.31,9751573,USD
11/05/2015 00:00,2.31,2.35,2.31,2.32,10042718,USD
12/05/2015 00:00,2.32,2.35,2.3,2.35,9999010,USD
13/05/2015 00:00,2.36,2.38,2.35,2.37,7246193,USD
14/05/2015 00:00,2.38,2.39,2.33,2.33,8851070,USD
15/05/2015 00:00,2.33,2.38,2.32,2.32,8036445,USD
18/05/2015 00:00,2.35,2.36,2.33,2.35,4671476,USD
19/05/2015 00:00,2.36,2.37,2.28,2.28,9582115,USD
20/05/2015 00:00,2.3,2.33,2.28,2.32,6799615,USD
21/05/2015 00:00,2.31,2.35,2.28,2.28,7105386,USD
22/05/2015 00:00,2.3,2.31,2.27,2.275,12813260,USD
26/05/2015 00:00,2.27,2.28,2.22,2.22,10000936,USD
27/05/2015 00:00,2.24,2.28,2.2,2.275,15857764,USD
28/05/2015 00:00,2.28,2.33,2.27,2.27,11913620,USD
29/05/2015 00:00,2.27,2.32,2.25,2.28,7726211,USD
01/06/2015 00:00,2.29,2.3,2.25,2.25,6777991,USD
02/06/2015 00:00,2.26,2.3,2.25,2.3,7102499,USD
03/06/2015 00:00,2.3,2.32,2.28,2.28,8041732,USD
04/06/2015 00:00,2.28,2.33,2.26,2.33,11461724,USD
05/06/2015 00:00,2.31,2.34,2.3,2.325,7347275,USD
08/06/2015 00:00,2.31,2.33,2.29,2.31,6208326,USD
09/06/2015 00:00,2.34,2.36,2.28,2.29,12274526,USD
10/06/2015 00:00,2.31,2.35,2.3,2.32,8158342,USD
11/06/2015 00:00,2.34,2.35,2.31,2.32,7669539,USD
12/06/2015 00:00,2.31,2.33,2.3,2.31,4552816,USD
15/06/2015 00:00,2.32,2.35,2.29,2.325,8480897,USD
16/06/2015 00:00,2.32,2.37,2.32,2.35,9752731,USD
17/06/2015 00:00,2.37,2.54,2.35,2.47,27449265,USD
18/06/2015 00:00,2.5,2.59,2.48,2.52,25380653,USD
19/06/2015 00:00,2.53,2.59,2.46,2.575,25462976,USD
22/06/2015 00:00,2.6,2.67,2.58,2.61,19026128,USD
23/06/2015 00:00,2.62,2.64,2.55,2.61,17869875,USD
24/06/2015 00:00,2.6,2.66,2.57,2.62,17510030,USD
25/06/2015 00:00,2.62,2.66,2.57,2.58,18328110,USD
26/06/2015 00:00,2.54,2.55,2.37,2.47,95852084,USD
29/06/2015 00:00,2.39,2.42,2.31,2.34,22722109,USD
30/06/2015 00:00,2.41,2.43,2.35,2.4,19283060,USD
01/07/2015 00:00,2.385,2.475,2.38,2.385,6692962,USD
02/07/2015 00:00,2.523,2.63,2.39,2.523,12481548,USD
06/07/2015 00:00,2.46,2.535,2.44,2.465,18415056,USD
07/07/2015 00:00,2.05,2.14,2.02,2.08,45395733,USD
08/07/2015 00:00,2.07,2.07,2.01,2.01,15059835,USD
09/07/2015 00:00,2.04,2.06,1.93,1.98,23359683,USD
10/07/2015 00:00,2,2.022,1.95,1.96,17476122,USD
13/07/2015 00:00,1.97,1.99,1.95,1.95,9026686,USD
14/07/2015 00:00,2.02,2.06,1.97,2.05,15791031,USD
15/07/2015 00:00,2.07,2.09,1.95,1.96,13496598,USD
16/07/2015 00:00,1.97,2,1.87,1.87,20349103,USD
17/07/2015 00:00,1.87,1.9,1.74,1.79,28086366,USD
20/07/2015 00:00,1.82,1.84,1.77,1.8,12105162,USD
21/07/2015 00:00,1.82,1.83,1.78,1.8,14978184,USD
22/07/2015 00:00,1.8,1.81,1.76,1.785,15642187,USD
23/07/2015 00:00,1.76,1.81,1.75,1.76,10612699,USD
24/07/2015 00:00,1.76,1.77,1.65,1.67,16032341,USD
27/07/2015 00:00,1.67,1.7,1.61,1.62,11904330,USD
28/07/2015 00:00,1.62,1.77,1.62,1.77,14556419,USD
29/07/2015 00:00,1.77,1.99,1.76,1.96,25409764,USD
30/07/2015 00:00,1.94,1.99,1.88,1.93,15837433,USD
31/07/2015 00:00,1.94,1.985,1.92,1.93,7730148,USD
03/08/2015 00:00,1.93,2.2,1.9,2.2,25911435,USD
04/08/2015 00:00,2.18,2.18,2.05,2.13,14268109,USD
05/08/2015 00:00,2.11,2.21,2.1,2.16,13223457,USD
06/08/2015 00:00,2.17,2.17,2.1,2.11,9475020,USD
07/08/2015 00:00,2.1,2.14,2.06,2.09,7666092,USD
10/08/2015 00:00,1.9,1.98,1.82,1.93,29709649,USD
11/08/2015 00:00,1.9,1.93,1.88,1.9,7453737,USD
12/08/2015 00:00,1.88,1.93,1.84,1.9,8521228,USD
13/08/2015 00:00,1.9,1.91,1.79,1.79,7835017,USD
14/08/2015 00:00,1.8,1.85,1.79,1.83,6155287,USD
17/08/2015 00:00,1.82,1.88,1.799,1.8,9035144,USD
18/08/2015 00:00,1.79,1.82,1.75,1.8,9746179,USD
19/08/2015 00:00,1.8,1.8,1.76,1.8,7419154,USD
20/08/2015 00:00,1.8,1.8,1.7,1.7,13657549,USD
21/08/2015 00:00,1.68,1.8,1.68,1.78,12480093,USD
24/08/2015 00:00,1.68,1.75,1.65,1.73,4547047,USD
25/08/2015 00:00,1.8,1.81,1.66,1.66,12048176,USD
26/08/2015 00:00,1.69,1.73,1.66,1.72,10647614,USD
27/08/2015 00:00,1.74,1.835,1.74,1.78,11825718,USD
28/08/2015 00:00,1.75,1.87,1.75,1.85,10913176,USD
31/08/2015 00:00,1.82,1.87,1.79,1.81,6299546,USD
01/09/2015 00:00,1.77,1.82,1.71,1.72,7441451,USD
02/09/2015 00:00,1.75,1.77,1.72,1.76,5844922,USD
03/09/2015 00:00,1.77,1.85,1.76,1.79,7119062,USD
04/09/2015 00:00,1.76,1.84,1.76,1.815,6481600,USD
08/09/2015 00:00,1.85,1.88,1.83,1.88,5941022,USD
09/09/2015 00:00,1.9,1.97,1.83,1.85,12547078,USD
10/09/2015 00:00,1.84,1.88,1.83,1.84,4272761,USD
11/09/2015 00:00,1.88,2.14,1.81,2.01,30691220,USD
14/09/2015 00:00,2,2,1.81,1.82,16264647,USD
15/09/2015 00:00,1.84,1.87,1.81,1.86,6519425,USD
16/09/2015 00:00,1.87,1.9,1.85,1.89,4925510,USD
17/09/2015 00:00,1.9,1.94,1.87,1.89,5824637,USD
18/09/2015 00:00,1.87,1.92,1.85,1.87,11751511,USD
21/09/2015 00:00,1.87,1.897,1.81,1.81,5352751,USD
22/09/2015 00:00,1.8,1.835,1.715,1.73,9865090,USD
23/09/2015 00:00,1.76,1.775,1.69,1.7,9641189,USD
24/09/2015 00:00,1.69,1.73,1.66,1.72,11190207,USD
25/09/2015 00:00,1.75,1.75,1.68,1.71,5582677,USD
28/09/2015 00:00,1.69,1.7,1.66,1.66,3263916,USD
29/09/2015 00:00,1.67,1.69,1.65,1.659,3321785,USD
30/09/2015 00:00,1.7,1.72,1.68,1.7,2403956,USD
01/10/2015 00:00,1.77,1.77,1.72,1.74,5409887,USD
02/10/2015 00:00,1.76,1.83,1.72,1.83,7009380,USD
05/10/2015 00:00,1.84,1.87,1.77,1.8,7584784,USD
06/10/2015 00:00,1.8,1.86,1.8,1.83,8558442,USD
07/10/2015 00:00,1.82,1.87,1.82,1.86,7843671,USD
08/10/2015 00:00,1.87,1.948,1.85,1.93,9145870,USD
09/10/2015 00:00,1.92,1.96,1.89,1.96,8609952,USD
12/10/2015 00:00,1.96,1.96,1.85,1.87,7686641,USD
13/10/2015 00:00,1.87,1.94,1.86,1.92,6632680,USD
14/10/2015 00:00,1.92,1.96,1.92,1.95,10179754,USD
15/10/2015 00:00,1.96,2.06,1.95,1.97,27119158,USD
16/10/2015 00:00,2,2,1.89,1.94,21270996,USD
19/10/2015 00:00,1.91,2.01,1.91,2.01,10193280,USD
20/10/2015 00:00,2,2.03,1.97,2.02,5542755,USD
21/10/2015 00:00,2.02,2.12,2.01,2.1,14943773,USD
22/10/2015 00:00,2.1,2.16,2.09,2.14,8201923,USD
23/10/2015 00:00,2.1,2.21,2.1,2.21,9551353,USD
26/10/2015 00:00,2.21,2.21,2.12,2.15,6313499,USD
27/10/2015 00:00,2.12,2.16,2.1,2.15,5740656,USD
28/10/2015 00:00,2.14,2.2,2.12,2.18,6950462,USD
29/10/2015 00:00,2.15,2.18,2.11,2.13,4496797,USD
30/10/2015 00:00,2.14,2.15,2.12,2.12,4897116,USD
02/11/2015 00:00,2.12,2.19,2.11,2.19,5837397,USD
03/11/2015 00:00,2.16,2.29,2.16,2.28,8678342,USD
04/11/2015 00:00,2.27,2.3,2.18,2.2,8214645,USD
05/11/2015 00:00,2.2,2.24,2.17,2.2,4301179,USD
06/11/2015 00:00,2.19,2.21,2.13,2.15,8983493,USD
09/11/2015 00:00,2.15,2.18,2.1,2.11,6229976,USD
10/11/2015 00:00,2.09,2.1,2.02,2.02,6158142,USD
11/11/2015 00:00,2.02,2.09,2.02,2.07,3521965,USD
12/11/2015 00:00,2.05,2.07,2,2,3576111,USD
13/11/2015 00:00,1.99,2.04,1.94,1.99,5911638,USD
16/11/2015 00:00,1.99,2.02,1.95,1.99,3915122,USD
17/11/2015 00:00,2.01,2.04,1.97,1.98,5780332,USD
18/11/2015 00:00,1.99,2.15,1.98,2.12,8744698,USD
19/11/2015 00:00,2.1,2.16,2.09,2.14,4669720,USD
20/11/2015 00:00,2.14,2.245,2.13,2.22,10486538,USD
23/11/2015 00:00,2.23,2.24,2.18,2.22,4859544,USD
24/11/2015 00:00,2.2,2.4,2.17,2.34,15857784,USD
25/11/2015 00:00,2.36,2.395,2.31,2.37,3463041,USD
27/11/2015 00:00,2.33,2.38,2.32,2.33,2593790,USD
30/11/2015 00:00,2.36,2.37,2.25,2.36,7472956,USD
01/12/2015 00:00,2.36,2.37,2.31,2.34,5634904,USD
02/12/2015 00:00,2.31,2.335,2.23,2.27,7491709,USD
03/12/2015 00:00,2.23,2.23,2.2,2.23,7007448,USD
04/12/2015 00:00,2.23,2.29,2.21,2.28,4572569,USD
07/12/2015 00:00,2.26,2.36,2.21,2.355,8375565,USD
08/12/2015 00:00,2.34,2.4,2.25,2.39,9055542,USD
09/12/2015 00:00,2.37,2.4,2.32,2.35,8483337,USD
10/12/2015 00:00,2.36,2.5,2.34,2.45,13066273,USD
11/12/2015 00:00,2.36,2.47,2.36,2.36,10538727,USD
14/12/2015 00:00,2.36,2.39,2.3,2.34,6665223,USD
15/12/2015 00:00,2.35,2.43,2.32,2.36,7312484,USD
16/12/2015 00:00,2.39,2.55,2.37,2.54,19178934,USD
17/12/2015 00:00,2.52,2.6,2.52,2.56,11325554,USD
18/12/2015 00:00,2.54,2.55,2.42,2.44,12139593,USD
21/12/2015 00:00,2.47,2.53,2.43,2.53,6870513,USD
22/12/2015 00:00,2.55,2.78,2.54,2.77,24538737,USD
23/12/2015 00:00,2.77,2.94,2.75,2.83,30231789,USD
24/12/2015 00:00,2.88,3,2.86,2.92,11747490,USD
28/12/2015 00:00,2.92,3.02,2.86,3,15940655,USD
29/12/2015 00:00,3.04,3.06,2.97,3,15292211,USD
30/12/2015 00:00,2.99,3.04,2.93,2.98,10043791,USD
31/12/2015 00:00,2.97,3.01,2.87,2.87,11068226,USD
04/01/2016 00:00,2.77,2.81,2.63,2.77,32333594,USD
05/01/2016 00:00,2.77,2.8,2.64,2.75,12972172,USD
06/01/2016 00:00,2.66,2.71,2.47,2.505,23370455,USD
07/01/2016 00:00,2.41,2.48,2.26,2.275,19814131,USD
08/01/2016 00:00,2.37,2.425,2.1,2.14,31710356,USD
11/01/2016 00:00,2.16,2.33,2.12,2.241,11658384,USD
12/01/2016 00:00,2.38,2.46,2.28,2.39,17979035,USD
13/01/2016 00:00,2.4,2.45,2.21,2.25,12746180,USD
14/01/2016 00:00,2.29,2.35,2.21,2.21,15561379,USD
15/01/2016 00:00,2.1,2.11,1.99,2.03,21182587,USD
19/01/2016 00:00,2.06,2.11,1.9,1.9,13137286,USD
20/01/2016 00:00,1.81,1.95,1.75,1.8,29224885,USD
21/01/2016 00:00,1.82,2.175,1.81,2.09,26371831,USD
22/01/2016 00:00,2.11,2.17,1.98,2.02,16245515,USD
25/01/2016 00:00,2.01,2.15,2.01,2.12,13041299,USD
26/01/2016 00:00,2.14,2.15,2.03,2.07,11095349,USD
27/01/2016 00:00,2.08,2.18,2.07,2.13,10845663,USD
28/01/2016 00:00,2.16,2.16,2.07,2.08,7112022,USD
29/01/2016 00:00,2.2,2.2,2.2,2.2,11864571,USD
01/02/2016 00:00,2.17,2.19,2.11,2.14,8816117,USD
02/02/2016 00:00,2.11,2.13,1.96,1.99,11209966,USD
03/02/2016 00:00,2.04,2.075,1.95,2.07,9975691,USD
04/02/2016 00:00,2.06,2.17,2.03,2.1,8283722,USD
05/02/2016 00:00,1.98,2.075,1.98,1.98,7834129,USD
08/02/2016 00:00,1.97,1.98,1.87,1.93,11559963,USD
09/02/2016 00:00,1.9,1.995,1.85,1.905,14626583,USD
10/02/2016 00:00,1.92,1.98,1.83,1.84,9459610,USD
11/02/2016 00:00,1.82,1.94,1.81,1.86,7856550,USD
12/02/2016 00:00,1.89,1.91,1.82,1.83,9899660,USD
16/02/2016 00:00,1.86,1.9,1.82,1.83,11793210,USD
17/02/2016 00:00,1.85,1.94,1.85,1.9,13733798,USD
18/02/2016 00:00,1.93,1.98,1.9,1.91,10804012,USD
19/02/2016 00:00,1.93,1.93,1.83,1.91,7762769,USD
22/02/2016 00:00,2.01,2.04,2.01,2.01,9632910,USD
23/02/2016 00:00,2.04,2.06,1.97,1.97,6645172,USD
24/02/2016 00:00,1.98,2.04,1.93,2.02,6881268,USD
25/02/2016 00:00,2.02,2.04,1.98,2.03,5579840,USD
26/02/2016 00:00,2.04,2.1,2.03,2.07,7896449,USD
29/02/2016 00:00,2.14,2.15,2.05,2.14,11346718,USD
01/03/2016 00:00,2.17,2.2,2.12,2.18,8964725,USD
02/03/2016 00:00,2.2,2.33,2.18,2.32,10843670,USD
03/03/2016 00:00,2.32,2.55,2.295,2.46,22065262,USD
04/03/2016 00:00,2.42,2.5,2.34,2.37,15423200,USD
07/03/2016 00:00,2.36,2.47,2.36,2.47,8784180,USD
08/03/2016 00:00,2.43,2.46,2.3,2.3,9995647,USD
09/03/2016 00:00,2.32,2.35,2.2,2.26,13076414,USD
10/03/2016 00:00,2.29,2.3,2.15,2.26,9603469,USD
11/03/2016 00:00,2.29,2.54,2.29,2.52,21287239,USD
14/03/2016 00:00,2.53,2.75,2.5,2.72,33835117,USD
15/03/2016 00:00,2.69,2.69,2.45,2.49,21475781,USD
16/03/2016 00:00,2.5,2.64,2.49,2.63,12838916,USD
17/03/2016 00:00,2.76,2.81,2.7,2.8,28988963,USD
18/03/2016 00:00,2.8,2.93,2.78,2.93,26287704,USD
21/03/2016 00:00,2.9,2.9,2.75,2.785,13444688,USD
22/03/2016 00:00,2.73,2.85,2.71,2.78,10315195,USD
23/03/2016 00:00,2.68,2.82,2.68,2.68,10060967,USD
24/03/2016 00:00,2.69,2.81,2.62,2.79,10032977,USD
28/03/2016 00:00,2.81,2.84,2.73,2.78,7675454,USD
29/03/2016 00:00,2.74,2.88,2.7,2.86,13607359,USD
30/03/2016 00:00,2.88,2.98,2.85,2.86,14945668,USD
31/03/2016 00:00,2.85,2.88,2.8,2.85,9048107,USD
01/04/2016 00:00,2.76,2.88,2.76,2.83,8256439,USD
04/04/2016 00:00,2.83,2.87,2.8,2.83,5569055,USD
05/04/2016 00:00,2.76,2.84,2.72,2.755,9636883,USD
06/04/2016 00:00,2.75,2.8,2.72,2.79,12517409,USD
07/04/2016 00:00,2.77,2.83,2.61,2.64,13401736,USD
08/04/2016 00:00,2.7,2.76,2.68,2.74,8465477,USD
11/04/2016 00:00,2.76,2.82,2.74,2.75,9031849,USD
12/04/2016 00:00,2.79,2.85,2.76,2.81,16110067,USD
13/04/2016 00:00,2.78,2.82,2.73,2.8,8047109,USD
14/04/2016 00:00,2.77,2.79,2.7,2.7,8935350,USD
15/04/2016 00:00,2.72,2.75,2.68,2.685,7482492,USD
18/04/2016 00:00,2.76,2.8,2.65,2.76,8935056,USD
19/04/2016 00:00,2.78,2.78,2.61,2.62,11682583,USD
20/04/2016 00:00,2.695,2.72,2.695,2.695,7881821,USD
21/04/2016 00:00,2.65,2.7,2.6,2.62,12530064,USD
22/04/2016 00:00,3.18,3.99,3.18,3.99,142936882,USD
25/04/2016 00:00,3.8,3.82,3.31,3.45,80547627,USD
26/04/2016 00:00,3.45,3.75,3.44,3.66,36244996,USD
27/04/2016 00:00,3.55,3.75,3.53,3.735,24118963,USD
28/04/2016 00:00,3.69,3.8,3.6,3.61,20166577,USD
29/04/2016 00:00,3.69,3.69,3.45,3.55,17702386,USD
02/05/2016 00:00,3.58,3.75,3.57,3.73,16943891,USD
03/05/2016 00:00,3.7,3.71,3.58,3.6,13780574,USD
04/05/2016 00:00,3.55,3.67,3.55,3.6,8668075,USD
05/05/2016 00:00,3.66,3.8,3.605,3.66,21521277,USD
06/05/2016 00:00,3.65,3.75,3.64,3.68,11800127,USD
09/05/2016 00:00,3.66,3.68,3.45,3.65,16207253,USD
10/05/2016 00:00,3.67,3.68,3.56,3.64,9411973,USD
11/05/2016 00:00,3.65,3.68,3.6,3.65,7497520,USD
12/05/2016 00:00,3.65,3.68,3.55,3.59,9235400,USD
13/05/2016 00:00,3.675,3.73,3.675,3.675,16444490,USD
16/05/2016 00:00,3.67,3.85,3.65,3.79,14684408,USD
17/05/2016 00:00,3.8,3.98,3.69,3.79,20040735,USD
18/05/2016 00:00,3.79,3.97,3.77,3.84,19487546,USD
19/05/2016 00:00,3.83,3.85,3.69,3.77,17622956,USD
20/05/2016 00:00,3.83,3.9,3.81,3.87,13771292,USD
23/05/2016 00:00,3.9,4.2,3.89,4.04,35440274,USD
24/05/2016 00:00,4.07,4.21,3.92,4.2,34264028,USD
25/05/2016 00:00,4.18,4.35,4.15,4.18,24703552,USD
26/05/2016 00:00,4.19,4.38,4.17,4.35,22606231,USD
27/05/2016 00:00,4.38,4.63,4.38,4.6,34380289,USD
31/05/2016 00:00,4.67,4.71,4.5,4.57,25279826,USD
01/06/2016 00:00,4.6,4.64,4.38,4.43,29675386,USD
02/06/2016 00:00,4.37,4.4,4.07,4.24,35324542,USD
03/06/2016 00:00,4.16,4.2,4.08,4.16,17519918,USD
06/06/2016 00:00,4.18,4.51,4.17,4.46,21295616,USD
07/06/2016 00:00,4.56,4.67,4.47,4.51,20597281,USD
08/06/2016 00:00,4.54,4.56,4.38,4.46,16051513,USD
09/06/2016 00:00,4.41,4.54,4.315,4.52,16213518,USD
10/06/2016 00:00,4.405,4.46,4.36,4.405,6293256,USD
13/06/2016 00:00,4.32,4.48,4.32,4.4,13500690,USD
14/06/2016 00:00,4.4,4.51,4.33,4.39,16739494,USD
15/06/2016 00:00,4.44,4.48,4.3,4.42,11565387,USD
16/06/2016 00:00,4.5,4.75,4.455,4.75,34129624,USD
17/06/2016 00:00,4.76,5.27,4.68,5.26,64856915,USD
20/06/2016 00:00,5.39,5.45,5.09,5.1,43474003,USD
21/06/2016 00:00,5.1,5.5,5.09,5.45,35814168,USD
22/06/2016 00:00,5.46,5.52,4.96,5.02,47873361,USD
23/06/2016 00:00,5.13,5.26,5.05,5.21,29072229,USD
24/06/2016 00:00,4.82,5.068,4.76,4.88,36230256,USD
27/06/2016 00:00,4.88,5.05,4.65,4.72,31024047,USD
28/06/2016 00:00,4.95,5.185,4.91,5.11,29088257,USD
29/06/2016 00:00,5.3,5.4,5.1,5.13,33059243,USD
30/06/2016 00:00,5.13,5.19,4.95,5.14,26060789,USD
01/07/2016 00:00,5.09,5.14,5,5.07,18197597,USD
05/07/2016 00:00,5.03,5.05,4.875,4.96,16286710,USD
06/07/2016 00:00,4.9,5.11,4.9,5.04,19304017,USD
07/07/2016 00:00,5.07,5.1,4.94,5.02,15756676,USD
08/07/2016 00:00,4.84,5.15,4.82,5.1,28115893,USD
11/07/2016 00:00,5.13,5.19,5,5.01,20945119,USD
12/07/2016 00:00,5.01,5.17,5.01,5.14,20765582,USD
13/07/2016 00:00,5.14,5.19,5.04,5.09,13974243,USD
14/07/2016 00:00,5.15,5.235,5.06,5.17,20023702,USD
15/07/2016 00:00,5.2,5.2,5.1,5.14,14136452,USD
18/07/2016 00:00,5.19,5.57,5.13,5.51,38579327,USD
19/07/2016 00:00,5.5,5.55,5.34,5.41,23418005,USD
20/07/2016 00:00,5.5,5.5,5.4,5.41,20075551,USD
21/07/2016 00:00,5.43,5.45,5.27,5.285,8034890,USD
22/07/2016 00:00,5.73,5.97,5.45,5.84,101810328,USD
25/07/2016 00:00,5.93,6.95,5.92,6.705,118219735,USD
26/07/2016 00:00,6.76,7.16,6.71,6.98,81097864,USD
27/07/2016 00:00,6.93,6.98,6.68,6.85,38521563,USD
28/07/2016 00:00,6.79,6.98,6.735,6.82,27476332,USD
29/07/2016 00:00,6.88,6.96,6.75,6.86,22550669,USD
01/08/2016 00:00,6.89,6.92,6.57,6.64,0,USD
02/08/2016 00:00,6.56,6.6,6.15,6.26,0,USD
03/08/2016 00:00,6.18,6.45,6.15,6.3,0,USD
04/08/2016 00:00,6.4,6.61,6.37,6.47,0,USD
05/08/2016 00:00,6.56,6.755,6.47,6.61,0,USD
08/08/2016 00:00,6.7,6.85,6.65,6.68,0,USD
09/08/2016 00:00,6.6,6.6,6.54,6.6,0,USD
10/08/2016 00:00,6.35,6.58,6.25,6.49,0,USD
11/08/2016 00:00,6.5,6.59,6.46,6.58,0,USD
12/08/2016 00:00,6.6,6.79,6.55,6.73,25442754,USD
15/08/2016 00:00,6.78,6.97,6.78,6.95,28323483,USD
16/08/2016 00:00,6.78,6.78,6.65,6.78,26721128,USD
17/08/2016 00:00,6.7,6.75,6.61,6.68,13780186,USD
18/08/2016 00:00,6.74,7.07,6.725,7.04,30635697,USD
19/08/2016 00:00,7.23,8,7.22,7.62,74956748,USD
22/08/2016 00:00,7.83,7.95,7.37,7.58,41443121,USD
23/08/2016 00:00,7.67,7.74,7.53,7.67,27514810,USD
24/08/2016 00:00,7.67,7.67,7.37,7.43,22856411,USD
25/08/2016 00:00,7.49,7.49,7.2,7.465,16393565,USD
26/08/2016 00:00,7.47,7.8,7.46,7.67,31341637,USD
29/08/2016 00:00,7.72,7.79,7.57,7.59,16891968,USD
30/08/2016 00:00,7.61,7.635,7.41,7.49,16027504,USD
31/08/2016 00:00,7.48,7.5,7.28,7.4,18296518,USD
01/09/2016 00:00,7.18,7.44,7.09,7.35,22266831,USD
02/09/2016 00:00,7.49,7.64,7.38,7.515,18530432,USD
06/09/2016 00:00,7.56,7.6,7.25,7.34,24168567,USD
07/09/2016 00:00,7.06,7.06,6.78,6.84,57642488,USD
08/09/2016 00:00,6.65,6.65,6.15,6.225,90698952,USD
09/09/2016 00:00,6.24,6.24,5.85,5.9,170697344,USD
12/09/2016 00:00,5.83,6.065,5.77,5.94,77878339,USD
13/09/2016 00:00,5.92,5.95,5.66,5.74,50713160,USD
14/09/2016 00:00,5.75,6.075,5.75,6.04,64251665,USD
15/09/2016 00:00,6.09,6.2,5.95,6.02,52669844,USD
16/09/2016 00:00,6.2,6.22,5.97,6.05,47754713,USD
19/09/2016 00:00,6.12,6.275,6.08,6.14,37812482,USD
20/09/2016 00:00,6.23,6.28,6.12,6.166,28975536,USD
21/09/2016 00:00,6.2,6.32,6.14,6.29,33427610,USD
22/09/2016 00:00,6.37,6.44,6.37,6.37,35766325,USD
23/09/2016 00:00,6.36,6.65,6.35,6.55,60895492,USD
26/09/2016 00:00,6.5,6.53,6.31,6.32,29846437,USD
27/09/2016 00:00,6.37,6.58,6.29,6.54,30002601,USD
28/09/2016 00:00,6.57,6.65,6.48,6.59,27852656,USD
29/09/2016 00:00,6.55,6.73,6.54,6.67,30613930,USD
30/09/2016 00:00,6.7,7.04,6.7,6.91,47442306,USD
03/10/2016 00:00,6.95,7.15,6.87,6.95,30400170,USD
04/10/2016 00:00,7,7.09,6.89,6.97,25739412,USD
05/10/2016 00:00,7,7.01,6.7,6.78,30731073,USD
06/10/2016 00:00,6.72,6.98,6.63,6.96,27037651,USD
07/10/2016 00:00,6.92,6.96,6.62,6.75,33042009,USD
10/10/2016 00:00,6.82,6.94,6.82,6.84,13764748,USD
11/10/2016 00:00,6.8,6.83,6.38,6.5,32422158,USD
12/10/2016 00:00,6.64,6.77,6.42,6.62,33563547,USD
13/10/2016 00:00,6.5,6.54,6.24,6.49,30344005,USD
14/10/2016 00:00,6.75,7.12,6.74,6.75,66886346,USD
17/10/2016 00:00,6.92,6.97,6.64,6.67,24173633,USD
18/10/2016 00:00,6.76,6.89,6.69,6.73,25095969,USD
19/10/2016 00:00,6.7,6.8,6.57,6.77,29328851,USD
20/10/2016 00:00,6.8,6.98,6.77,6.96,62333039,USD
21/10/2016 00:00,6.49,6.65,6.37,6.52,64126570,USD
24/10/2016 00:00,6.55,7.01,6.54,7.005,52917665,USD
25/10/2016 00:00,6.9,7.5,6.87,7.5,78749110,USD
26/10/2016 00:00,7.4,7.48,7.27,7.29,47557975,USD
27/10/2016 00:00,7.42,7.46,7.1,7.11,37646439,USD
28/10/2016 00:00,7.1,7.53,7.02,7.2,77192883,USD
31/10/2016 00:00,7.24,7.46,7.2,7.23,42313342,USD
01/11/2016 00:00,7.3,7.425,6.92,7.09,39866114,USD
02/11/2016 00:00,7.03,7.055,6.67,6.76,33778839,USD
03/11/2016 00:00,6.78,6.79,6.56,6.7,33636705,USD
04/11/2016 00:00,6.69,6.72,6.46,6.56,32186857,USD
07/11/2016 00:00,6.79,6.99,6.76,6.96,36861865,USD
08/11/2016 00:00,6.85,7.18,6.75,7,37601178,USD
09/11/2016 00:00,6.68,7.05,6.64,6.94,38426322,USD
10/11/2016 00:00,6.82,6.91,6.22,6.295,70584703,USD
11/11/2016 00:00,6.61,6.69,6.47,6.685,39458524,USD
14/11/2016 00:00,6.69,6.84,6.61,6.79,29566789,USD
15/11/2016 00:00,6.82,7.08,6.79,6.97,28654283,USD
16/11/2016 00:00,7.09,7.75,7.07,7.67,77961130,USD
17/11/2016 00:00,7.78,8.77,7.77,8.46,124052059,USD
18/11/2016 00:00,8.68,8.83,8.4,8.71,62233049,USD
21/11/2016 00:00,8.87,9.22,8.86,8.94,65454505,USD
22/11/2016 00:00,9.04,9.05,8.54,8.69,71150500,USD
23/11/2016 00:00,8.72,8.86,8.5,8.8,34583231,USD
25/11/2016 00:00,8.8,8.91,8.69,8.77,14124858,USD
28/11/2016 00:00,8.75,8.98,8.729,8.83,25683044,USD
29/11/2016 00:00,9,9.23,8.85,8.93,54681948,USD
30/11/2016 00:00,9.02,9.12,8.9,8.91,36410794,USD
01/12/2016 00:00,8.92,9.03,8.26,8.39,56519841,USD
02/12/2016 00:00,8.38,8.74,8.38,8.53,42284224,USD
05/12/2016 00:00,8.69,8.71,8.45,8.68,31299169,USD
06/12/2016 00:00,8.83,9.54,8.82,9.45,92018020,USD
07/12/2016 00:00,9.65,9.79,9.36,9.38,12817239,USD
08/12/2016 00:00,9.85,10.66,9.8,10.34,104107298,USD
09/12/2016 00:00,10.39,10.54,9.87,10.34,60468985,USD
12/12/2016 00:00,10.68,10.925,10.38,10.68,63178790,USD
13/12/2016 00:00,10.75,10.8,10.41,10.54,46478863,USD
14/12/2016 00:00,4.9,10.74,10.27,10.55,46674817,USD
15/12/2016 00:00,10.86,10.93,10.64,10.86,48791965,USD
16/12/2016 00:00,10.94,11.23,10.595,10.67,77309083,USD
19/12/2016 00:00,10.81,11,10.52,10.95,45837658,USD
20/12/2016 00:00,11.19,11.51,11.15,11.51,59107417,USD
21/12/2016 00:00,11.6,11.719,11.31,11.47,44471095,USD
22/12/2016 00:00,11.67,11.75,11.47,11.6,35929854,USD
23/12/2016 00:00,11.3,11.6,11.26,11.58,32217154,USD
27/12/2016 00:00,11.65,12.08,11.6,12.07,44099343,USD
28/12/2016 00:00,12.28,12.42,11.46,11.55,71034021,USD
29/12/2016 00:00,11.21,11.62,11.01,11.59,50147992,USD
30/12/2016 00:00,11.7,11.78,11.25,11.34,43963466,USD
03/01/2017 00:00,11.35,11.64,11.02,11.43,55104960,USD
04/01/2017 00:00,11.43,11.52,11.235,11.43,40623918,USD
05/01/2017 00:00,11.43,11.69,11.23,11.24,38708173,USD
06/01/2017 00:00,11.3,11.49,11.11,11.32,34391335,USD
09/01/2017 00:00,11.38,11.64,11.31,11.49,37128077,USD
10/01/2017 00:00,11.55,11.63,11.33,11.44,29109342,USD
11/01/2017 00:00,11.39,11.41,11.15,11.2,39313691,USD
12/01/2017 00:00,11.03,11.03,10.33,10.76,75125000,USD
13/01/2017 00:00,10.75,10.87,10.56,10.58,38339063,USD
17/01/2017 00:00,10.17,10.23,9.78,9.82,70277127,USD
18/01/2017 00:00,9.5,10.095,9.42,9.88,51624765,USD
19/01/2017 00:00,9.77,10.25,9.75,9.77,46005308,USD
20/01/2017 00:00,9.88,9.96,9.67,9.75,27893056,USD
23/01/2017 00:00,9.91,10.059,9.91,9.91,27787083,USD
24/01/2017 00:00,9.95,10.49,9.95,10.44,43680165,USD
25/01/2017 00:00,10.72,10.975,10.15,10.35,61779799,USD
26/01/2017 00:00,10.3,10.66,10.3,10.52,35754897,USD
27/01/2017 00:00,10.6,10.73,10.52,10.67,32536661,USD
30/01/2017 00:00,10.61,10.68,10.3,10.61,37596810,USD
31/01/2017 00:00,10.51,10.67,10.22,10.37,50113784,USD
01/02/2017 00:00,10.9,12.14,10.81,12.06,165745419,USD
02/02/2017 00:00,11.95,12.66,11.95,12.28,116043570,USD
03/02/2017 00:00,12.42,12.5,12.04,12.24,59951059,USD
06/02/2017 00:00,12.48,13.7,12.385,13.63,139796169,USD
07/02/2017 00:00,14.06,14.26,13.06,13.29,158438437,USD
08/02/2017 00:00,13.21,13.75,13.08,13.56,75781226,USD
09/02/2017 00:00,13.81,13.89,13.4,13.42,72489868,USD
10/02/2017 00:00,13.8,13.84,13.25,13.58,54496808,USD
13/02/2017 00:00,13.7,13.95,13.38,13.49,57203849,USD
14/02/2017 00:00,13.43,13.49,13.19,13.26,40406338,USD
15/02/2017 00:00,13.2,13.44,13.15,13.3,33638621,USD
16/02/2017 00:00,13.25,13.35,12.84,12.97,52354747,USD
17/02/2017 00:00,12.82,13.14,12.6,13.13,40780966,USD
21/02/2017 00:00,13.45,14.1,13.4,14,66187415,USD
22/02/2017 00:00,14.26,14.5,14.04,14.28,70990363,USD
23/02/2017 00:00,14.23,14.45,13.82,14.32,79844813,USD
24/02/2017 00:00,13.99,14.32,13.86,14.12,46073023,USD
27/02/2017 00:00,14.3,15.35,14.28,15.2,95051152,USD
28/02/2017 00:00,15.45,15.55,14.35,14.46,141319075,USD
01/03/2017 00:00,15.08,15.09,14.52,14.96,73191663,USD
02/03/2017 00:00,14.59,14.78,13.87,13.9,103532139,USD
03/03/2017 00:00,13.55,13.58,12.79,13.03,163399403,USD
06/03/2017 00:00,13,13.34,12.39,13.04,116960158,USD
07/03/2017 00:00,13.07,13.37,12.79,13.05,76391697,USD
08/03/2017 00:00,13.23,13.55,13.1,13.22,71184659,USD
09/03/2017 00:00,13.44,13.45,13.11,13.33,45042059,USD
10/03/2017 00:00,13.5,13.93,13.45,13.91,62331149,USD
13/03/2017 00:00,14.49,14.68,14.18,14.28,72897434,USD
14/03/2017 00:00,14,14.15,13.64,14.1,52344450,USD
15/03/2017 00:00,14.03,14.06,13.62,13.98,55002495,USD
16/03/2017 00:00,13.79,13.88,13.65,13.65,44189557,USD
17/03/2017 00:00,13.62,13.74,13.36,13.49,229153729,USD
20/03/2017 00:00,13.69,14.5,13.54,14.4,90859788,USD
21/03/2017 00:00,14.39,14.49,13.78,13.82,72278365,USD
22/03/2017 00:00,13.691,14.145,13.55,14.1,61097793,USD
23/03/2017 00:00,13.96,14.115,13.77,13.79,44280731,USD
24/03/2017 00:00,14.17,14.18,13.54,13.7,50014109,USD
27/03/2017 00:00,13.35,13.78,13.21,13.7,42537754,USD
28/03/2017 00:00,13.73,13.86,13.55,13.69,37006747,USD
29/03/2017 00:00,13.71,13.87,13.63,13.71,37779565,USD
30/03/2017 00:00,13.73,14.05,13.65,14.05,43855068,USD
31/03/2017 00:00,14.09,14.75,14.01,14.55,84364268,USD
03/04/2017 00:00,14.6,14.74,14.3,14.64,48300230,USD
04/04/2017 00:00,14.33,14.67,14.03,14.16,58217170,USD
05/04/2017 00:00,14.28,14.64,14.1,14.17,58424223,USD
06/04/2017 00:00,13.45,13.46,12.83,13.27,139041618,USD
07/04/2017 00:00,13.33,13.68,13.22,13.52,70300538,USD
10/04/2017 00:00,13.52,13.59,13.08,13.1,46994939,USD
11/04/2017 00:00,13,13.29,12.71,13.1,59789045,USD
12/04/2017 00:00,12.94,13.1,12.74,12.76,37109404,USD
13/04/2017 00:00,12.505,12.72,12.22,12.31,53271275,USD
17/04/2017 00:00,12.53,12.8,12.37,12.79,38028531,USD
18/04/2017 00:00,12.63,12.97,12.59,12.95,37070356,USD
19/04/2017 00:00,13.09,13.205,12.8,12.84,36134424,USD
20/04/2017 00:00,12.98,13.15,12.88,13.11,41864683,USD
21/04/2017 00:00,13.08,13.12,12.9,13,25476572,USD
24/04/2017 00:00,13.19,13.22,13.045,13.13,36065096,USD
25/04/2017 00:00,13.24,13.525,13.16,13.49,35734997,USD
26/04/2017 00:00,13.42,13.53,13.22,13.41,36376989,USD
27/04/2017 00:00,13.43,13.7,13.37,13.62,31025205,USD
28/04/2017 00:00,13.72,13.755,13.16,13.3,50147625,USD
01/05/2017 00:00,13.4,13.63,13.25,13.62,57588536,USD
02/05/2017 00:00,11.73,11.76,10.3,10.32,266752901,USD
03/05/2017 00:00,10.28,10.68,9.85,10.39,140743691,USD
04/05/2017 00:00,10.53,10.54,9.94,10.1,76926223,USD
05/05/2017 00:00,10.13,10.26,9.94,10.19,51630107,USD
08/05/2017 00:00,10.19,10.22,10,10.04,34973286,USD
09/05/2017 00:00,10.06,10.4,10.04,10.18,47798401,USD
10/05/2017 00:00,10.47,10.85,10.46,10.79,65823374,USD
11/05/2017 00:00,10.76,11.26,10.51,11.07,72721846,USD
12/05/2017 00:00,11.21,11.4,11.08,11.26,55944245,USD
15/05/2017 00:00,11.4,11.6,11.3,11.42,52427188,USD
16/05/2017 00:00,11.67,12.77,11.63,12.75,156517212,USD
17/05/2017 00:00,11.71,12.286,11.16,11.2,159177415,USD
18/05/2017 00:00,11.275,11.49,10.81,11.275,86750913,USD
19/05/2017 00:00,11.45,11.62,11.35,11.41,50107139,USD
22/05/2017 00:00,11.49,11.55,10.77,11.04,78521330,USD
23/05/2017 00:00,10.98,11.055,10.62,10.89,49659374,USD
24/05/2017 00:00,11.05,11.06,10.71,10.89,42904862,USD
25/05/2017 00:00,11,11.01,10.8,10.98,33453669,USD
26/05/2017 00:00,10.85,11.02,10.74,11,31823197,USD
30/05/2017 00:00,10.95,11.27,10.9,11.12,35205053,USD
31/05/2017 00:00,11.3,11.49,11.1,11.19,42875695,USD
01/06/2017 00:00,11.25,11.285,10.81,10.93,47835578,USD
02/06/2017 00:00,10.95,10.96,10.565,10.9,42924227,USD
05/06/2017 00:00,10.83,11.34,10.8,11.24,65917827,USD
06/06/2017 00:00,11.27,12.24,11.24,12.03,65300001,USD
07/06/2017 00:00,12.4,12.96,12.235,12.38,150594758,USD
08/06/2017 00:00,12.79,12.91,12.4,12.9,88834675,USD
09/06/2017 00:00,13.1,13.4,11.63,12.28,166994001,USD
12/06/2017 00:00,11.77,12.35,11.27,12.09,125503250,USD
13/06/2017 00:00,12.34,12.48,11.67,11.96,86812034,USD
14/06/2017 00:00,12,12.05,11.65,11.77,51620572,USD
15/06/2017 00:00,11.35,11.58,11.21,11.5,61031043,USD
16/06/2017 00:00,11.63,11.83,11.28,11.44,59613175,USD
19/06/2017 00:00,11.62,12.12,11.62,11.93,61401149,USD
20/06/2017 00:00,12.2,12.93,12.18,12.64,116684171,USD
21/06/2017 00:00,13.35,14.01,13.13,13.98,187726591,USD
22/06/2017 00:00,14.1,14.5,13.56,14.38,148592481,USD
23/06/2017 00:00,14.15,14.67,13.91,14.17,192834685,USD
26/06/2017 00:00,14.35,14.49,13.84,14.08,51178870,USD
27/06/2017 00:00,13.77,14.04,13.37,13.4,88925348,USD
28/06/2017 00:00,13.65,13.7,13.09,13.23,84912945,USD
29/06/2017 00:00,13.06,13.15,12.45,12.6,86918482,USD
30/06/2017 00:00,12.57,12.83,12.36,12.48,59116917,USD
03/07/2017 00:00,12.15,12.73,12.13,12.15,39509725,USD
05/07/2017 00:00,12.36,13.21,12.32,13.19,98890747,USD
06/07/2017 00:00,12.97,13.32,12.665,13.02,88647320,USD
07/07/2017 00:00,13.27,13.745,13.18,13.36,88027073,USD
10/07/2017 00:00,13.61,13.88,13.27,13.81,78126053,USD
11/07/2017 00:00,13.8,14.095,13.62,13.89,70846555,USD
12/07/2017 00:00,14.15,14.39,13.96,14.29,78135121,USD
13/07/2017 00:00,14.32,14.48,13.43,13.53,111033161,USD
14/07/2017 00:00,13.46,13.93,13.32,13.92,81733038,USD
17/07/2017 00:00,14.03,14.12,13.51,13.8,71525682,USD
18/07/2017 00:00,13.26,13.53,13.15,13.48,78106901,USD
19/07/2017 00:00,13.62,13.74,13.415,13.55,51728407,USD
20/07/2017 00:00,13.6,13.89,13.45,13.8,47442145,USD
21/07/2017 00:00,13.68,14.05,13.62,13.88,50932003,USD
24/07/2017 00:00,14.01,14.44,13.97,14.16,70643717,USD
25/07/2017 00:00,14.27,14.32,13.87,14.11,86391927,USD
26/07/2017 00:00,15.19,15.65,14.4,14.76,234967511,USD
27/07/2017 00:00,14.95,15.04,13.7,14.12,129527487,USD
28/07/2017 00:00,13.8,14.1,13.68,13.95,66455586,USD
31/07/2017 00:00,14.09,14.22,13.47,13.61,68867825,USD
01/08/2017 00:00,13.7,13.86,13.45,13.71,48453799,USD
02/08/2017 00:00,13.81,13.93,13.12,13.37,67221165,USD
03/08/2017 00:00,13.35,13.52,13.08,13.24,51939758,USD
04/08/2017 00:00,13.19,13.36,13.02,13.12,64034555,USD
07/08/2017 00:00,13.33,13.57,13.27,13.43,57300008,USD
08/08/2017 00:00,13.48,13.55,13.08,13.11,46677722,USD
09/08/2017 00:00,12.78,12.89,12.54,12.83,58715780,USD
10/08/2017 00:00,12.7,12.92,12.11,12.12,81664342,USD
11/08/2017 00:00,12.04,12.39,11.88,12.23,63348631,USD
14/08/2017 00:00,12.65,12.841,12.58,12.76,64236835,USD
15/08/2017 00:00,13.01,13.14,12.75,13.02,57729730,USD
16/08/2017 00:00,13.17,13.19,12.52,12.63,64405745,USD
17/08/2017 00:00,12.47,12.65,12.32,12.34,47110673,USD
18/08/2017 00:00,12.42,12.555,12.25,12.37,37406552,USD
21/08/2017 00:00,12.4,12.4,11.86,12.05,58715712,USD
22/08/2017 00:00,12.2,12.33,12.1,12.17,38907638,USD
23/08/2017 00:00,12,12.535,11.95,12.48,21702452,USD
24/08/2017 00:00,12.67,12.71,12.39,12.5,17447383,USD
25/08/2017 00:00,12.51,12.57,12.25,12.43,29604830,USD
28/08/2017 00:00,12.23,12.55,12.16,12.23,35189916,USD
29/08/2017 00:00,12,12.18,11.93,12.15,33357614,USD
30/08/2017 00:00,12.19,12.68,12.17,12.67,43598921,USD
31/08/2017 00:00,12.8,13.16,12.79,13,51416635,USD
01/09/2017 00:00,13.14,13.485,13.04,13.19,53018911,USD
05/09/2017 00:00,12.91,13.18,12.65,12.92,51405623,USD
06/09/2017 00:00,13.01,13.08,12.75,12.86,33886142,USD
07/09/2017 00:00,12.89,12.93,12.6,12.63,35557180,USD
08/09/2017 00:00,12.57,12.61,12.035,12.25,60575287,USD
11/09/2017 00:00,12.44,12.74,12.405,12.55,42952989,USD
12/09/2017 00:00,12.66,12.68,12.213,12.3,54092153,USD
13/09/2017 00:00,12.23,12.36,12.12,12.22,37001223,USD
14/09/2017 00:00,12.15,12.46,12.11,12.26,36923745,USD
15/09/2017 00:00,12.33,12.66,12.31,12.52,50063296,USD
18/09/2017 00:00,12.75,13.3,12.74,13.08,82691637,USD
19/09/2017 00:00,13.24,13.29,12.88,13.12,65139157,USD
20/09/2017 00:00,13.07,13.8,12.8,13.74,87221922,USD
21/09/2017 00:00,13.41,14.24,13.32,13.41,166094838,USD
22/09/2017 00:00,13.2,13.4,13.12,13.3,50077618,USD
25/09/2017 00:00,13.25,13.28,12.49,12.61,83628321,USD
26/09/2017 00:00,12.86,12.93,12.43,12.45,67593326,USD
27/09/2017 00:00,12.65,12.87,12.5,12.74,59618878,USD
28/09/2017 00:00,12.76,12.84,12.55,12.74,35589227,USD
29/09/2017 00:00,12.76,12.82,12.6,12.75,33589191,USD
02/10/2017 00:00,12.81,12.85,12.62,12.71,34309874,USD
03/10/2017 00:00,12.75,13.48,12.7,13.42,84724062,USD
04/10/2017 00:00,13.31,13.5,13.15,13.31,42095976,USD
05/10/2017 00:00,13.38,13.46,13.21,13.34,34456900,USD
06/10/2017 00:00,13.21,13.39,13.18,13.23,27979131,USD
09/10/2017 00:00,13.26,13.83,13.26,13.47,53759359,USD
10/10/2017 00:00,13.71,13.783,13.44,13.7,43116355,USD
11/10/2017 00:00,13.61,13.96,13.61,13.88,38155668,USD
12/10/2017 00:00,13.82,14.37,13.81,14.2,69360293,USD
13/10/2017 00:00,14.32,14.41,14.12,14.22,37220892,USD
16/10/2017 00:00,14.25,14.35,14.12,14.26,33912853,USD
17/10/2017 00:00,14.24,14.345,14.135,14.16,28827952,USD
18/10/2017 00:00,14.2,14.279,13.76,14.07,38892185,USD
19/10/2017 00:00,13.85,14.04,13.69,13.95,33637112,USD
20/10/2017 00:00,14.03,14.085,13.8,13.81,31930152,USD
23/10/2017 00:00,13.94,14.19,13.9,14.1,49553541,USD
24/10/2017 00:00,14.16,14.36,14.15,14.25,61598128,USD
25/10/2017 00:00,12.92,13.13,12.29,12.33,166144304,USD
26/10/2017 00:00,12.46,12.46,12,12,87064912,USD
27/10/2017 00:00,12.17,12.19,11.35,11.84,115397472,USD
30/10/2017 00:00,11.26,11.42,10.65,10.89,137347791,USD
31/10/2017 00:00,10.7,11.31,10.69,10.985,78439289,USD
01/11/2017 00:00,11.28,11.29,10.72,10.8,66666538,USD
02/11/2017 00:00,10.84,10.99,10.66,10.85,47784382,USD
03/11/2017 00:00,10.95,11.13,10.82,11.12,44107461,USD
06/11/2017 00:00,12.01,12.09,11.64,11.93,95810292,USD
07/11/2017 00:00,11.94,12.27,11.92,12.05,67622950,USD
08/11/2017 00:00,11.95,11.95,11.51,11.71,58303105,USD
09/11/2017 00:00,11.29,11.35,11.03,11.12,75770617,USD
10/11/2017 00:00,11.21,11.43,11.116,11.26,50096007,USD
13/11/2017 00:00,11.19,11.2,10.92,11.09,53957016,USD
14/11/2017 00:00,11.03,11.26,11,11.12,37145938,USD
15/11/2017 00:00,11,11.13,10.77,11.07,33367706,USD
16/11/2017 00:00,11.13,11.32,11.13,11.25,31702355,USD
17/11/2017 00:00,11.3,11.75,11.28,11.38,56561603,USD
20/11/2017 00:00,11.45,11.505,11.19,11.34,35841978,USD
21/11/2017 00:00,11.4,11.49,11.24,11.4,31722100,USD
22/11/2017 00:00,11.43,11.48,11.3,11.37,23742235,USD
24/11/2017 00:00,11.38,11.42,11.3,11.38,9472844,USD
27/11/2017 00:00,11.34,11.74,11.34,11.55,41726020,USD
28/11/2017 00:00,11.44,11.53,11,11.1,46912374,USD
29/11/2017 00:00,11.09,11.17,10.73,10.83,63073564,USD
30/11/2017 00:00,10.87,11.03,10.76,10.89,42582784,USD
01/12/2017 00:00,10.8,10.97,10.53,10.73,41975331,USD
04/12/2017 00:00,10.83,10.86,9.82,10.03,96986774,USD
05/12/2017 00:00,9.89,10.34,9.7,9.91,66890353,USD
06/12/2017 00:00,9.9,10.05,9.72,10,38553399,USD
07/12/2017 00:00,10.071,10.19,9.95,10.04,32291367,USD
08/12/2017 00:00,10.17,10.2,9.92,9.94,34680277,USD
11/12/2017 00:00,9.97,10.16,9.96,10.16,29583278,USD
12/12/2017 00:00,10.09,10.14,9.88,9.9,36030644,USD
13/12/2017 00:00,9.96,10.2,9.95,10.11,41250026,USD
14/12/2017 00:00,10.1,10.17,9.96,10.145,14123791,USD
15/12/2017 00:00,10.29,10.32,10.02,10.29,44302313,USD
18/12/2017 00:00,10.57,11,10.51,10.98,63488211,USD
19/12/2017 00:00,10.99,11.19,10.87,10.95,43578787,USD
20/12/2017 00:00,11.1,11.18,10.8,10.98,31312648,USD
21/12/2017 00:00,10.97,11.072,10.87,10.89,21704191,USD
22/12/2017 00:00,10.75,10.77,10.2,10.54,50638760,USD
27/12/2017 00:00,10.45,10.74,10.4,10.53,22816192,USD
28/12/2017 00:00,10.57,10.64,10.43,10.55,18485323,USD
29/12/2017 00:00,10.57,10.57,10.27,10.28,26429157,USD
02/01/2018 00:00,10.41,11.02,10.34,10.98,43525628,USD
03/01/2018 00:00,11.6,12.14,11.36,11.55,150620896,USD
04/01/2018 00:00,12.07,12.415,11.97,12.12,109040623,USD
05/01/2018 00:00,12.2,12.22,11.66,11.88,63515944,USD
08/01/2018 00:00,12,12.3,11.85,12.28,63019452,USD
09/01/2018 00:00,12,12.02,11.71,11.82,62363219,USD
10/01/2018 00:00,11.63,12.15,11.57,11.96,52211167,USD
11/01/2018 00:00,12.09,12.19,11.905,12.14,33931389,USD
12/01/2018 00:00,11.835,12.07,11.82,12.02,46884356,USD
16/01/2018 00:00,12.05,12.2,11.8,11.91,41844573,USD
17/01/2018 00:00,11.89,12.19,11.83,12.18,38816788,USD
18/01/2018 00:00,12.2,12.68,12.17,12.47,61881892,USD
19/01/2018 00:00,12.56,12.88,12.54,12.59,45846729,USD
22/01/2018 00:00,12.61,12.74,12.37,12.65,34519779,USD
23/01/2018 00:00,12.82,12.99,12.76,12.94,46109400,USD
24/01/2018 00:00,13,13.01,12.6,12.71,41677478,USD
25/01/2018 00:00,12.82,12.94,12.32,12.41,42055147,USD
26/01/2018 00:00,12.72,12.95,12.62,12.95,43493350,USD
29/01/2018 00:00,13.11,13.47,13.05,13.32,65985432,USD
30/01/2018 00:00,13.11,13.27,12.69,12.87,75998269,USD
31/01/2018 00:00,13.74,13.85,13.16,13.74,140297630,USD
01/02/2018 00:00,13.62,13.84,13.21,13.25,66842021,USD
02/02/2018 00:00,13.01,13.06,12.43,12.45,76908555,USD
05/02/2018 00:00,12.04,12.18,10.935,11.57,115623624,USD
06/02/2018 00:00,11.04,11.74,11,11.65,86131798,USD
07/02/2018 00:00,11.7,11.9,11.53,11.6,55493119,USD
08/02/2018 00:00,11.72,11.85,11.21,11.22,55417043,USD
09/02/2018 00:00,11.47,11.57,10.63,11.31,85207976,USD
12/02/2018 00:00,11.48,11.8,11.43,11.68,62775950,USD
13/02/2018 00:00,11.6,11.82,11.54,11.78,32330155,USD
14/02/2018 00:00,11.718,12.31,11.63,12.2,51618379,USD
15/02/2018 00:00,12.4,12.625,12.07,12.19,57597516,USD
16/02/2018 00:00,12.09,12.219,11.82,11.82,47144755,USD
20/02/2018 00:00,11.72,12.19,11.71,12.02,46734205,USD
21/02/2018 00:00,12.12,12.12,11.72,11.72,39968711,USD
22/02/2018 00:00,11.82,11.995,11.63,11.84,37665351,USD
23/02/2018 00:00,11.95,12.16,11.94,12.07,33001506,USD
26/02/2018 00:00,12.14,12.43,12.05,12.42,41933186,USD
27/02/2018 00:00,12.43,12.88,12.39,12.53,55649580,USD
28/02/2018 00:00,12.66,12.73,12.1,12.11,43168017,USD
01/03/2018 00:00,12.27,12.27,11.66,11.9,62904298,USD
02/03/2018 00:00,11.67,11.93,11.43,11.81,57611967,USD
05/03/2018 00:00,11.67,12.055,11.61,11.91,43596209,USD
06/03/2018 00:00,12.01,12.01,11.71,11.76,45194132,USD
07/03/2018 00:00,11.59,12.82,11.55,12.24,125358707,USD
08/03/2018 00:00,12.39,12.59,11.74,11.97,75497677,USD
09/03/2018 00:00,12.03,12.039,11.58,11.7,88928069,USD
12/03/2018 00:00,11.76,11.82,11.48,11.52,83477204,USD
13/03/2018 00:00,11.64,12.035,11.1,11.64,173956609,USD
14/03/2018 00:00,11.71,11.71,11.26,11.36,80098151,USD
15/03/2018 00:00,11.43,11.55,11.19,11.46,63074794,USD
16/03/2018 00:00,11.46,11.55,11.32,11.47,37530271,USD
19/03/2018 00:00,11.4,11.74,11.351,11.43,53148913,USD
20/03/2018 00:00,11.41,11.52,11,11.11,64610728,USD
21/03/2018 00:00,11.16,11.34,11.11,11.26,29060967,USD
22/03/2018 00:00,11.1,11.26,10.85,10.91,59767853,USD
23/03/2018 00:00,10.91,10.96,10.57,10.63,54729674,USD
26/03/2018 00:00,10.7,10.8,10.18,10.44,75287359,USD
27/03/2018 00:00,10.51,10.59,9.9,10,68263725,USD
28/03/2018 00:00,9.99,10.169,9.8,9.81,64606256,USD
29/03/2018 00:00,9.94,10.08,9.81,10.05,48263500,USD
02/04/2018 00:00,9.99,10.1,9.51,9.53,64636455,USD
03/04/2018 00:00,9.62,9.767,9.3,9.55,54779008,USD
04/04/2018 00:00,9.07,9.81,9.04,9.77,66414495,USD
05/04/2018 00:00,10.05,10.2,9.91,10.02,65278983,USD
06/04/2018 00:00,9.84,10.1,9.5,9.61,50836468,USD
09/04/2018 00:00,9.75,9.84,9.52,9.53,38095887,USD
10/04/2018 00:00,9.75,10.04,9.71,9.98,42601692,USD
11/04/2018 00:00,9.85,10.03,9.79,9.82,28936443,USD
12/04/2018 00:00,9.98,10.1,9.82,10.08,47520579,USD
13/04/2018 00:00,10.2,10.22,9.88,9.93,38680281,USD
16/04/2018 00:00,9.97,10.17,9.9,10.09,28710670,USD
17/04/2018 00:00,10.28,10.53,10.2,10.52,45080714,USD
18/04/2018 00:00,10.51,10.65,10.33,10.36,41875734,USD
19/04/2018 00:00,10.19,10.328,9.99,10.11,57481746,USD
20/04/2018 00:00,10.04,10.14,9.95,9.99,38437321,USD
23/04/2018 00:00,10.09,10.19,9.97,10.04,42783753,USD
24/04/2018 00:00,10.19,10.35,9.95,10.09,44769274,USD
25/04/2018 00:00,10.05,10.09,9.56,9.71,78620505,USD
26/04/2018 00:00,10.87,11.19,10.61,11.04,144372523,USD
27/04/2018 00:00,11.21,11.36,11.02,11.11,74140174,USD
30/04/2018 00:00,11.05,11.14,10.87,10.88,50396416,USD
01/05/2018 00:00,10.83,11.15,10.77,11.13,43043170,USD
02/05/2018 00:00,11.1,11.15,10.97,10.97,29093825,USD
03/05/2018 00:00,10.89,11.06,10.83,10.93,33211088,USD
04/05/2018 00:00,10.88,11.29,10.875,11.28,47730811,USD
07/05/2018 00:00,11.3,11.68,11.3,11.59,53874525,USD
08/05/2018 00:00,11.49,11.651,11.4,11.61,35078681,USD
09/05/2018 00:00,11.62,11.98,11.57,11.95,48868272,USD
10/05/2018 00:00,11.97,12.18,11.96,12.13,48600471,USD
11/05/2018 00:00,11.87,12.03,11.69,11.95,43789449,USD
14/05/2018 00:00,12.13,12.36,12.12,12.23,50062972,USD
15/05/2018 00:00,12.19,12.46,12.16,12.45,43938483,USD
16/05/2018 00:00,12.631,12.98,12.631,12.82,73149974,USD
17/05/2018 00:00,12.77,12.9,12.66,12.82,37137386,USD
18/05/2018 00:00,13.07,13.26,12.92,13,53380623,USD
21/05/2018 00:00,13.25,13.31,12.88,12.99,49280198,USD
22/05/2018 00:00,12.99,13.135,12.71,12.98,43084857,USD
23/05/2018 00:00,13.1,13.18,12.9,13.1,44367276,USD
24/05/2018 00:00,13.05,13.43,13.03,13.41,47105092,USD
25/05/2018 00:00,13.4,13.72,13.36,13.54,43610854,USD
29/05/2018 00:00,13.36,13.63,13.26,13.36,39327374,USD
30/05/2018 00:00,13.5,13.95,13.48,13.82,57968478,USD
31/05/2018 00:00,13.72,13.93,13.69,13.73,46620634,USD
01/06/2018 00:00,13.98,14.4,13.92,14.4,71111025,USD
04/06/2018 00:00,14.76,14.98,14.52,14.85,74231818,USD
05/06/2018 00:00,14.84,14.919,14.63,14.85,55369490,USD
06/06/2018 00:00,15.05,15.74,15.04,15.67,96833493,USD
07/06/2018 00:00,15.83,15.97,14.85,14.89,99403524,USD
08/06/2018 00:00,14.5,15.33,14.31,15.25,81700338,USD
11/06/2018 00:00,15.2,15.89,15.01,15.73,80246783,USD
12/06/2018 00:00,15.83,15.95,15.43,15.85,66556545,USD
13/06/2018 00:00,15.8,16.52,15.78,16.32,88836969,USD
14/06/2018 00:00,16.59,16.79,15.58,16.25,112365693,USD
15/06/2018 00:00,16.08,16.52,15.82,16.34,77374055,USD
18/06/2018 00:00,16.21,17.34,16.13,17.11,103758584,USD
19/06/2018 00:00,16.83,17.27,16.31,16.69,92226030,USD
20/06/2018 00:00,16.87,17.13,16.37,16.52,75856765,USD
21/06/2018 00:00,16.63,16.87,15.46,15.65,95312084,USD
22/06/2018 00:00,15.85,15.91,15.56,15.8,58581879,USD
25/06/2018 00:00,15.61,15.74,14.54,15.11,93976477,USD
26/06/2018 00:00,15.35,15.6,15.1,15.5,53677125,USD
27/06/2018 00:00,15.61,15.76,14.96,14.97,55798383,USD
28/06/2018 00:00,24.24,15.36,14.75,15.31,48606918,USD
29/06/2018 00:00,15.41,15.49,14.98,14.99,41176737,USD
02/07/2018 00:00,14.79,15.18,14.74,15.16,43284548,USD
03/07/2018 00:00,15.21,15.34,14.96,15,19210201,USD
05/07/2018 00:00,15.12,15.5,15.02,15.5,40434247,USD
06/07/2018 00:00,15.5,16.39,15.487,16.36,64984705,USD
09/07/2018 00:00,16.74,16.83,16.17,16.61,58304546,USD
10/07/2018 00:00,16.55,16.65,16.32,16.55,35340552,USD
11/07/2018 00:00,16.15,16.529,16.02,16.27,42280735,USD
12/07/2018 00:00,16.43,16.79,16.38,16.56,44000017,USD
13/07/2018 00:00,16.65,16.69,16.22,16.27,40498353,USD
16/07/2018 00:00,16.42,17,16.41,16.58,64700377,USD
17/07/2018 00:00,16.5,16.88,16.48,16.87,41522527,USD
18/07/2018 00:00,16.94,16.99,16.55,16.85,40757078,USD
19/07/2018 00:00,16.66,16.88,16.55,16.71,40959353,USD
20/07/2018 00:00,16.66,16.88,16.44,16.5,42808107,USD
23/07/2018 00:00,16.47,16.68,15.9,16.66,44740626,USD
24/07/2018 00:00,16.76,16.86,16.11,16.19,57932281,USD
25/07/2018 00:00,16.28,16.39,15.72,16.05,67446052,USD
26/07/2018 00:00,17.17,18.45,16.83,18.35,188998364,USD
27/07/2018 00:00,18.94,19.88,18.31,18.94,144556700,USD
30/07/2018 00:00,19.41,20.18,19.31,19.42,159812652,USD
31/07/2018 00:00,19.35,19.5,18.27,18.33,117601480,USD
01/08/2018 00:00,18.33,18.95,18.32,18.48,74818436,USD
02/08/2018 00:00,18.14,18.83,18,18.79,52652447,USD
03/08/2018 00:00,18.94,19.05,18.37,18.49,52714573,USD
06/08/2018 00:00,18.88,19.44,18.46,19.43,83173621,USD
07/08/2018 00:00,19.56,19.71,19.08,19.56,70492334,USD
08/08/2018 00:00,19.46,19.77,19.255,19.58,51852515,USD
09/08/2018 00:00,19.1,19.71,19.08,19.1,45937049,USD
10/08/2018 00:00,19.08,19.475,18.85,19.06,65308005,USD
13/08/2018 00:00,19.16,19.93,19.12,19.73,81034238,USD
14/08/2018 00:00,19.97,20.28,19.63,20.02,88346015,USD
15/08/2018 00:00,19.84,20.1,19.2,19.7,85912082,USD
16/08/2018 00:00,19.84,20.07,19.25,19.33,68008304,USD
17/08/2018 00:00,19.1,19.82,18.74,19.77,60179341,USD
20/08/2018 00:00,19.8,20.08,19.35,19.98,62741321,USD
21/08/2018 00:00,19.98,20.415,19.87,20.4,54387104,USD
22/08/2018 00:00,20.28,20.92,20.21,20.9,61688305,USD
23/08/2018 00:00,21.18,22.32,21.14,22.29,54642220,USD
24/08/2018 00:00,22.9,24,22.68,23.98,162925939,USD
27/08/2018 00:00,24.93,27.3,24.626,25.26,321896786,USD
28/08/2018 00:00,25.51,26.18,24.04,25.05,214591803,USD
29/08/2018 00:00,24.35,25.41,24.01,25.2,142559056,USD
30/08/2018 00:00,25.3,25.67,24.76,24.89,103031422,USD
31/08/2018 00:00,25.17,25.24,24.72,25.17,64890854,USD
04/09/2018 00:00,25.62,28.11,25.568,28.06,190423700,USD
05/09/2018 00:00,29.37,29.93,26.84,28.51,256008082,USD
06/09/2018 00:00,28.102,28.58,27.19,27.84,142971045,USD
07/09/2018 00:00,26.99,28.27,26.8,27.38,122496854,USD
10/09/2018 00:00,28.11,29.925,27.84,29.89,161337386,USD
11/09/2018 00:00,30,30.59,29.38,30.1,158110998,USD
12/09/2018 00:00,30,32.29,29.45,32.21,195398038,USD
13/09/2018 00:00,33.162,34.14,29.87,30.48,301836313,USD
14/09/2018 00:00,31.42,33.09,30.57,32.72,216795464,USD
17/09/2018 00:00,31.71,33.23,31.6,32.43,179542819,USD
18/09/2018 00:00,32.95,33.37,31.2,31.93,175852218,USD
19/09/2018 00:00,31.525,31.83,30.51,31.21,123048592,USD
20/09/2018 00:00,32.09,32.19,30.64,31.18,121970579,USD
21/09/2018 00:00,31.18,32.42,30.91,31.02,128928130,USD
24/09/2018 00:00,31.08,32.65,30.92,32.61,117575332,USD
25/09/2018 00:00,33.15,33.6,32.19,32.57,117978849,USD
26/09/2018 00:00,32.36,32.6,31.72,32.19,78824260,USD
27/09/2018 00:00,31.88,32.63,31.4,32.59,87368386,USD
28/09/2018 00:00,32.22,32.78,29.98,30.89,165112922,USD
01/10/2018 00:00,30.57,31.91,30.25,31.42,94410924,USD
02/10/2018 00:00,30.71,30.81,28.65,29.02,144383094,USD
03/10/2018 00:00,29.03,29.22,26.54,28.43,189479230,USD
04/10/2018 00:00,27.98,28.83,27.37,27.78,95473324,USD
05/10/2018 00:00,28.04,28.47,26.93,27.35,38814914,USD
08/10/2018 00:00,26.73,27.54,25.96,26.46,103420447,USD
09/10/2018 00:00,26.16,27.705,26,27.24,104826289,USD
10/10/2018 00:00,27.32,27.4,24.91,25,144975873,USD
11/10/2018 00:00,24.74,26.2,24.55,25.3,146056272,USD
12/10/2018 00:00,26.78,26.967,25.67,26.34,110075301,USD
15/10/2018 00:00,26.38,26.77,25.76,26.26,70090686,USD
16/10/2018 00:00,26.57,28.225,26.17,28.18,91400384,USD
17/10/2018 00:00,28.41,28.525,26.92,27.3,88811659,USD
18/10/2018 00:00,27.08,27.75,26.4,26.62,35718383,USD
19/10/2018 00:00,27.03,27.1,23.6,23.66,64540203,USD
22/10/2018 00:00,24.51,25.64,24.09,25.03,55357449,USD
23/10/2018 00:00,24.21,25.26,23.85,25.09,48230967,USD
24/10/2018 00:00,25,25.1,22.75,22.79,109584101,USD
25/10/2018 00:00,17.89,20.15,17.72,19.27,187707937,USD
26/10/2018 00:00,18.49,18.77,17.25,17.63,119110007,USD
29/10/2018 00:00,18.21,18.23,16.27,16.85,94103836,USD
30/10/2018 00:00,16.36,17.24,16.2,17.2,98412197,USD
31/10/2018 00:00,17.87,18.335,17.12,18.21,110310394,USD
01/11/2018 00:00,18.41,20.33,18.085,20.22,68628418,USD
02/11/2018 00:00,20.59,21.06,19.47,20.23,123328208,USD
05/11/2018 00:00,20.09,20.17,18.88,19.9,107546482,USD
06/11/2018 00:00,19.5,21.65,19.48,20.68,70574213,USD
07/11/2018 00:00,21.41,22.224,21.09,21.84,120502593,USD
08/11/2018 00:00,21.75,22.08,20.97,21.2,92093692,USD
09/11/2018 00:00,20.76,21.19,20.11,21.03,85527761,USD
12/11/2018 00:00,20.68,20.84,18.8,19.03,95299164,USD
13/11/2018 00:00,19.36,20.02,18.97,19.61,74084603,USD
14/11/2018 00:00,20.18,21.11,19.76,20.81,105843019,USD
15/11/2018 00:00,21.49,21.765,20.42,21.49,93347669,USD
16/11/2018 00:00,19.9,20.96,19.72,20.66,111874766,USD
19/11/2018 00:00,20.4,20.585,19.095,19.11,92646591,USD
20/11/2018 00:00,17.41,19.58,17.18,19.21,109223051,USD
21/11/2018 00:00,20.05,20.3,18.5,18.73,81292215,USD
23/11/2018 00:00,18.6,19.83,18.57,19.38,24403604,USD
26/11/2018 00:00,19.96,20.19,19.116,20.08,82361655,USD
27/11/2018 00:00,19.77,21.45,19.74,21.05,118451997,USD
28/11/2018 00:00,21.82,21.88,20.18,21.34,133632740,USD
29/11/2018 00:00,21.17,21.61,20.73,21.43,79529142,USD
30/11/2018 00:00,21.3,21.36,20.52,21.3,81609239,USD
03/12/2018 00:00,22.47,23.75,22.37,23.71,138702023,USD
04/12/2018 00:00,23.31,23.42,21.07,21.117,126518782,USD
06/12/2018 00:00,20.23,21.41,20.06,21.3,102689517,USD
07/12/2018 00:00,19.46,21.379,19.17,19.46,105169286,USD
10/12/2018 00:00,19.35,20.13,19.27,19.99,77551361,USD
11/12/2018 00:00,20.72,21.14,19.69,19.98,41493372,USD
12/12/2018 00:00,20.32,21.02,19.71,20.48,99954312,USD
13/12/2018 00:00,20.56,20.865,19.76,19.86,87806312,USD
14/12/2018 00:00,19.58,20.7,19.521,19.9,84367118,USD
17/12/2018 00:00,18.83,20.025,18.635,18.83,114773904,USD
18/12/2018 00:00,19.14,19.84,18.88,19.5,100542513,USD
19/12/2018 00:00,19.38,19.72,18,18.16,58817993,USD
20/12/2018 00:00,17.94,18.835,17.348,17.94,118875033,USD
21/12/2018 00:00,18.12,18.336,16.76,16.93,129152105,USD
24/12/2018 00:00,16.52,17.21,16.38,16.65,62826513,USD
26/12/2018 00:00,16.89,17.91,16.03,17.9,108165206,USD
27/12/2018 00:00,17.4,17.73,16.44,17.49,110440629,USD
28/12/2018 00:00,17.52,18.31,17.14,17.82,108528963,USD
31/12/2018 00:00,18.46,18.51,17.85,18.46,84309682,USD
02/01/2019 00:00,18.03,19,17.98,18.83,85483339,USD
03/01/2019 00:00,18.36,18.67,16.94,17.05,116578945,USD
04/01/2019 00:00,17.52,19.07,17.43,19,111038898,USD
07/01/2019 00:00,19.43,20.68,19,20.57,106519888,USD
08/01/2019 00:00,21.19,21.2,19.68,20.75,117266670,USD
09/01/2019 00:00,20.88,21.44,20.07,20.19,163133004,USD
10/01/2019 00:00,19.73,19.834,18.9,19.74,114986823,USD
11/01/2019 00:00,19.47,20.35,19.19,20.27,84728239,USD
14/01/2019 00:00,19.96,20.62,19.75,20.23,70760963,USD
15/01/2019 00:00,20.42,20.68,20.26,20.38,30582055,USD
16/01/2019 00:00,19.73,20.54,19.71,19.73,61515839,USD
17/01/2019 00:00,19.5,20.505,19.02,20.25,83973533,USD
18/01/2019 00:00,20.37,21.05,20.03,20.77,87828977,USD
22/01/2019 00:00,20.51,20.91,19.7,19.76,77911531,USD
23/01/2019 00:00,20.03,20.48,19.55,19.8,76780963,USD
24/01/2019 00:00,20.1,21.01,20.04,20.85,95525234,USD
25/01/2019 00:00,20.99,22.03,20.79,21.93,109586434,USD
28/01/2019 00:00,20.35,21.01,20.02,20.18,134190149,USD
29/01/2019 00:00,20.26,20.39,19.05,19.25,112894591,USD
30/01/2019 00:00,23.09,23.13,21.37,23.09,210070642,USD
31/01/2019 00:00,23.04,25.14,207.165,24.41,181133705,USD
01/02/2019 00:00,24.6,24.84,24.065,24.51,104837924,USD
04/02/2019 00:00,24.45,24.66,24.07,24.13,69464717,USD
05/02/2019 00:00,23.41,23.86,22.98,23.31,120899861,USD
06/02/2019 00:00,23.63,24.14,23.22,23.26,78160925,USD
07/02/2019 00:00,23,23.22,22.32,22.67,43063057,USD
08/02/2019 00:00,22.31,23.275,22.28,23.05,75620638,USD
11/02/2019 00:00,22.96,23.283,22.67,22.96,59992904,USD
12/02/2019 00:00,23.45,23.56,22.75,22.82,67001293,USD
13/02/2019 00:00,22.95,23.24,22.715,22.85,56998764,USD
14/02/2019 00:00,22.75,23.37,22.59,23.13,62157206,USD
15/02/2019 00:00,23.58,24.05,23.2,23.68,77984813,USD
19/02/2019 00:00,23.61,24.405,18.88,23.95,57023381,USD
20/02/2019 00:00,23.95,24.37,23.9,23.95,56487238,USD
21/02/2019 00:00,24.02,24.33,23.85,23.92,49260479,USD
22/02/2019 00:00,24.05,24.36,23.89,24.36,51615120,USD
25/02/2019 00:00,25.01,25.52,24.68,24.71,62303018,USD
26/02/2019 00:00,24.65,24.72,24.15,24.21,44270815,USD
27/02/2019 00:00,24.11,24.23,23.21,23.48,62000973,USD
28/02/2019 00:00,23.21,23.67,23.12,23.53,38025031,USD
01/03/2019 00:00,23.95,24.19,23.45,23.68,44958731,USD
04/03/2019 00:00,23.86,24.13,23.02,23.37,47665693,USD
05/03/2019 00:00,23.34,23.68,23.01,23.5,35189773,USD
06/03/2019 00:00,23.47,23.51,22.4,22.41,60010231,USD
07/03/2019 00:00,22.33,22.41,21.73,22.08,25392430,USD
08/03/2019 00:00,21.35,22.08,21.035,22.01,49784575,USD
11/03/2019 00:00,22.14,23.075,21.98,22.96,54099086,USD
12/03/2019 00:00,23.49,23.795,22.78,23.49,56135901,USD
13/03/2019 00:00,23.65,24.145,23.35,23.38,56330526,USD
14/03/2019 00:00,22.82,23.49,22.8,22.82,42642389,USD
15/03/2019 00:00,23.07,23.65,23.01,23.29,25345580,USD
18/03/2019 00:00,23.3,23.61,23.04,23.25,34562951,USD
19/03/2019 00:00,23.6,26.07,23.6,26,153456086,USD
20/03/2019 00:00,26.45,26.88,25.31,25.7,79342629,USD
21/03/2019 00:00,25.78,28.11,25.73,27.89,127010051,USD
22/03/2019 00:00,27.54,27.75,26.33,26.37,56396622,USD
25/03/2019 00:00,26.29,26.99,25.54,25.97,78242386,USD
26/03/2019 00:00,26.68,26.98,25.46,25.69,75265817,USD
27/03/2019 00:00,25.71,25.88,24.552,24.89,44985892,USD
28/03/2019 00:00,25.12,25.56,24.65,25.06,64489314,USD
29/03/2019 00:00,25.55,25.73,25.25,25.52,52945150,USD
01/04/2019 00:00,26.5,26.555,25.83,26.36,62373876,USD
02/04/2019 00:00,26.51,26.8,26.09,26.75,51608655,USD
03/04/2019 00:00,29.02,29.95,27.89,29.02,196712905,USD
04/04/2019 00:00,28.88,29.38,28.61,29.09,81946284,USD
05/04/2019 00:00,29.63,29.69,28.8,28.98,64904626,USD
08/04/2019 00:00,28.69,28.95,28.18,28.53,57573603,USD
09/04/2019 00:00,28.23,28.38,27.19,27.24,74918438,USD
10/04/2019 00:00,27.46,28.12,27.32,27.83,63962157,USD
11/04/2019 00:00,27.81,28.05,27.46,27.79,44532611,USD
12/04/2019 00:00,28.25,28.38,27.66,27.85,40603618,USD
15/04/2019 00:00,27.8,27.81,26.96,27.33,40660486,USD
16/04/2019 00:00,27.72,28.18,27.49,27.93,47012984,USD
17/04/2019 00:00,28.19,28.27,27.22,27.49,0,USD
18/04/2019 00:00,27.62,27.88,27.34,27.68,0,USD
22/04/2019 00:00,27.62,28.23,27.39,28.18,0,USD
23/04/2019 00:00,28.14,28.49,27.79,27.97,0,USD
24/04/2019 00:00,28.12,28.85,27.93,28.46,0,USD
25/04/2019 00:00,28.67,28.86,27.36,27.66,0,USD
26/04/2019 00:00,27.66,27.9,27.05,27.88,0,USD
29/04/2019 00:00,27.88,28.14,27.5,27.69,0,USD
30/04/2019 00:00,27.59,27.8,26.94,27.63,0,USD
01/05/2019 00:00,28.95,29.15,26.78,26.81,0,USD
02/05/2019 00:00,28.29,28.64,26.61,28.29,0,USD
03/05/2019 00:00,28.22,28.42,27.66,28.22,0,USD
06/05/2019 00:00,26.72,27.5,26.45,27.42,0,USD
07/05/2019 00:00,27.2,27.35,26.21,26.66,0,USD
08/05/2019 00:00,26.4,27.71,26.27,27.09,0,USD
09/05/2019 00:00,26.69,27.38,26.03,27.21,0,USD
10/05/2019 00:00,27.03,28.1,26.93,27.96,0,USD
13/05/2019 00:00,26.98,27.23,26.1,26.24,0,USD
14/05/2019 00:00,26.53,27.48,26.15,27.32,0,USD
15/05/2019 00:00,26.86,27.79,26.73,27.58,0,USD
16/05/2019 00:00,27.36,28.37,27.27,28.01,0,USD
17/05/2019 00:00,27.67,28.46,27.4,27.5,0,USD
20/05/2019 00:00,26.96,27.24,26.49,26.68,0,USD
21/05/2019 00:00,27.35,27.36,26.93,27.35,0,USD
22/05/2019 00:00,27.41,27.59,27.07,27.41,0,USD
23/05/2019 00:00,27,27.1,26.03,26.36,0,USD
24/05/2019 00:00,26.61,26.925,26.4,26.43,0,USD
28/05/2019 00:00,27.27,29.67,27.07,29.03,0,USD
29/05/2019 00:00,29,29.32,27.73,28.09,0,USD
30/05/2019 00:00,28.37,28.56,27.6,28.03,0,USD
31/05/2019 00:00,27.41,28.36,27.4,27.41,0,USD
03/06/2019 00:00,28.73,29.62,27.29,27.58,0,USD
04/06/2019 00:00,28.39,29.59,27.91,29.57,0,USD
05/06/2019 00:00,29.5,29.98,29.03,29.5,4430663,USD
06/06/2019 00:00,29.9,31.98,29.85,31.82,0,USD
07/06/2019 00:00,31.94,32.6,31.57,32.41,0,USD
10/06/2019 00:00,33.5,34.296,33.08,33.23,0,USD
11/06/2019 00:00,33.4,33.45,31.82,32.41,0,USD
12/06/2019 00:00,32.01,32.57,31.92,32.18,28035799,USD
13/06/2019 00:00,32.35,32.48,31.06,31.39,0,USD
14/06/2019 00:00,30.7,30.96,30.02,30.36,0,USD
17/06/2019 00:00,30.22,30.45,29.18,29.2,0,USD
18/06/2019 00:00,30.45,30.97,29.74,30.45,0,USD
19/06/2019 00:00,200,30.777,30.06,30.5,0,USD
20/06/2019 00:00,31.24,31.36,29.84,30.01,0,USD
21/06/2019 00:00,29.65,30.35,28.97,29.1,0,USD
24/06/2019 00:00,29.32,29.4,28.67,29.26,0,USD
25/06/2019 00:00,68.39,29.72,28.8,28.86,0,USD
26/06/2019 00:00,29.99,30.48,29.78,29.92,0,USD
27/06/2019 00:00,30.43,30.95,30.225,30.74,0,USD
28/06/2019 00:00,31.08,31.1,30.33,30.405,0,USD
01/07/2019 00:00,31.2,32.04,30.875,31.2,0,USD
02/07/2019 00:00,30.97,31.26,30.73,31.24,0,USD
03/07/2019 00:00,31.17,31.33,30.74,31.19,12353043,USD
05/07/2019 00:00,30.87,31.56,30.75,31.5,0,USD
08/07/2019 00:00,31.79,32.15,31.26,32.04,0,USD
09/07/2019 00:00,31.76,33.18,31.71,33.15,0,USD
10/07/2019 00:00,33.5,34.03,33.37,33.79,34000557,USD
11/07/2019 00:00,33.91,34,32.76,33.06,0,USD
12/07/2019 00:00,32.75,33.39,32.59,33.21,0,USD
15/07/2019 00:00,33.34,34.55,33.27,34.39,0,USD
16/07/2019 00:00,33.85,34.86,33.8,33.85,0,USD
17/07/2019 00:00,34.04,34.3,33.49,33.6,0,USD
18/07/2019 00:00,33.01,33.45,32.42,33,0,USD
19/07/2019 00:00,33.11,33.35,32.45,32.51,0,USD
22/07/2019 00:00,32.8,33.31,32.74,32.85,0,USD
23/07/2019 00:00,33.49,33.5,32.93,33.49,0,USD
24/07/2019 00:00,33.6,34.357,33.45,34.11,10417651,USD
25/07/2019 00:00,34.04,34.25,33.62,33.67,18898899,USD
26/07/2019 00:00,34.02,34.765,33.865,34.02,0,USD
29/07/2019 00:00,34.12,34.17,32.98,33.48,0,USD
30/07/2019 00:00,33.16,33.94,32.94,33.87,0,USD
31/07/2019 00:00,32.12,32.3,30.3,30.45,0,USD
01/08/2019 00:00,30.51,31.48,29.1,29.86,0,USD
02/08/2019 00:00,29.48,29.73,28.94,29.44,0,USD
05/08/2019 00:00,28.26,28.49,27.65,27.99,0,USD
06/08/2019 00:00,28.88,29.05,28.2,28.86,0,USD
07/08/2019 00:00,28.5,29.28,28.38,29.19,0,USD
08/08/2019 00:00,31.5,34.27,31.2,33.92,49050029,USD
09/08/2019 00:00,33.43,35.55,33.08,34.19,0,USD
12/08/2019 00:00,34.15,34.65,32.08,32.43,0,USD
13/08/2019 00:00,32.32,33.14,31.72,32.11,0,USD
14/08/2019 00:00,31,31.01,29.51,30.24,0,USD
15/08/2019 00:00,30.63,30.73,29.21,29.67,0,USD
16/08/2019 00:00,30.31,31.48,30.21,31.18,0,USD
19/08/2019 00:00,32,32.19,31.425,31.48,0,USD
20/08/2019 00:00,30.89,31.305,30.45,30.72,0,USD
21/08/2019 00:00,31.03,31.74,30.845,31.7,0,USD
22/08/2019 00:00,31.75,31.916,30.98,31.9,23571511,USD
23/08/2019 00:00,31.3,31.83,29.4,29.54,0,USD
26/08/2019 00:00,30.3,30.72,29.94,30.28,0,USD
27/08/2019 00:00,30.6,30.887,29.6,30.2,0,USD
28/08/2019 00:00,29.92,31.18,29.7,30.78,0,USD
29/08/2019 00:00,31.47,31.83,31.34,31.45,0,USD
30/08/2019 00:00,31.59,31.865,31.13,31.45,0,USD
03/09/2019 00:00,30.83,31.14,30.68,30.9,0,USD
04/09/2019 00:00,31.3,31.83,30.85,30.95,0,USD
05/09/2019 00:00,31.79,32.05,31.12,31.5,0,USD
06/09/2019 00:00,31.49,31.51,30.48,30.56,0,USD
09/09/2019 00:00,30.99,31.17,30.24,30.5,0,USD
10/09/2019 00:00,30.22,30.376,29.77,30.23,0,USD
11/09/2019 00:00,30.38,30.43,29.51,29.76,0,USD
12/09/2019 00:00,30.1,30.84,29.95,30.21,0,USD
13/09/2019 00:00,30.25,30.85,29.95,30.69,0,USD
16/09/2019 00:00,30.33,31.15,30.26,30.83,0,USD
17/09/2019 00:00,31.04,31.32,30.74,30.99,0,USD
18/09/2019 00:00,30.75,30.89,29.88,30.42,0,USD
19/09/2019 00:00,30.58,30.96,30.147,30.29,0,USD
20/09/2019 00:00,30.32,30.47,29.65,30.05,79583144,USD
23/09/2019 00:00,30.64,30.8,30.07,30.64,44350227,USD
24/09/2019 00:00,30.54,30.75,29.29,29.52,72950598,USD
25/09/2019 00:00,29.51,29.65,28.56,29.54,58230749,USD
26/09/2019 00:00,29.67,29.75,29,29.47,40616107,USD
27/09/2019 00:00,29.15,29.77,28.35,28.72,53854606,USD
30/09/2019 00:00,28.89,29.05,28.365,28.99,37214424,USD
01/10/2019 00:00,29.05,29.53,28.64,28.76,36948930,USD
02/10/2019 00:00,28.5,28.85,28.03,28.31,43624372,USD
03/10/2019 00:00,28.26,28.775,27.43,28.68,56292250,USD
04/10/2019 00:00,28.86,29.06,28.572,29.01,34429857,USD
07/10/2019 00:00,28.9,29.63,28.843,28.93,39329950,USD
08/10/2019 00:00,28.54,28.64,27.92,28.23,44227536,USD
09/10/2019 00:00,28.8,28.95,28.35,28.46,35644720,USD
10/10/2019 00:00,28.47,28.89,28,28.38,40633260,USD
11/10/2019 00:00,28.81,30.2,28.81,29.75,66239690,USD
14/10/2019 00:00,29.71,30.61,29.38,30.53,44388986,USD
15/10/2019 00:00,30.66,30.92,30.17,30.72,41538746,USD
16/10/2019 00:00,30.61,31.41,30.53,30.81,42778421,USD
17/10/2019 00:00,31.3,31.4,30.86,31.14,36853961,USD
18/10/2019 00:00,30.97,31.33,30.29,30.97,39219412,USD
21/10/2019 00:00,31.55,32.26,31.42,32.03,51986013,USD
22/10/2019 00:00,32.04,32.15,31.5,30.95,17907131,USD
23/10/2019 00:00,31.36,31.65,30.83,31.36,26524718,USD
24/10/2019 00:00,31.54,31.86,31.34,31.72,27591553,USD
25/10/2019 00:00,31.86,32.86,31.83,32.71,44928658,USD
28/10/2019 00:00,33.16,33.91,33.16,33.69,50944784,USD
29/10/2019 00:00,33.72,33.9,32.7,33.03,73650470,USD
30/10/2019 00:00,32.9,33.34,32.035,33.13,77862815,USD
31/10/2019 00:00,32.98,34.34,32.82,33.93,67728991,USD
01/11/2019 00:00,34.89,35,34.1,34.89,63962817,USD
04/11/2019 00:00,35.15,36.45,34.76,36.29,82812811,USD
05/11/2019 00:00,36.6,37.18,35.99,36.15,84366242,USD
06/11/2019 00:00,35.93,36.48,35.52,35.93,51142373,USD
07/11/2019 00:00,36.5,36.99,36.03,36.28,54058598,USD
08/11/2019 00:00,36.06,36.58,36,36.29,39199854,USD
11/11/2019 00:00,35.93,36.66,35.58,36.31,43349156,USD
12/11/2019 00:00,36.4,37.13,36.71,36.71,58409760,USD
13/11/2019 00:00,36.67,37.96,36.578,37.52,30978275,USD
14/11/2019 00:00,37.41,38.5,37.36,38.35,64855298,USD
15/11/2019 00:00,39,39.37,38.34,38.56,62003444,USD
18/11/2019 00:00,38.63,39.985,38.6,39.88,65701796,USD
19/11/2019 00:00,40.11,41.79,39.685,41.29,94021917,USD
20/11/2019 00:00,40.96,41.75,40.07,40.98,79230285,USD
21/11/2019 00:00,40.39,40.705,38.641,39.52,86648795,USD
22/11/2019 00:00,39.41,39.89,38.19,39.15,56614027,USD
25/11/2019 00:00,39.52,40.17,39.51,39.79,45615944,USD
26/11/2019 00:00,38.99,39.48,38.815,38.99,42706750,USD
27/11/2019 00:00,39.5,39.76,39.08,39.41,33127997,USD
29/11/2019 00:00,39.07,39.51,39.02,39.16,7526362,USD
02/12/2019 00:00,39.36,39.41,38.44,38.73,35478162,USD
03/12/2019 00:00,37.35,38.93,37.15,38.9,51534947,USD
04/12/2019 00:00,39.38,39.82,39.13,39.69,44128522,USD
05/12/2019 00:00,39.95,40.22,39.55,39.62,35486599,USD
06/12/2019 00:00,40.08,40.186,39.56,39.63,30904555,USD
09/12/2019 00:00,39.5,39.84,38.91,38.93,27754074,USD
10/12/2019 00:00,39.17,39.73,38.825,39.44,33235791,USD
11/12/2019 00:00,39.44,39.61,39.04,39.47,31492374,USD
12/12/2019 00:00,42.59,42.62,39.25,42.59,85741191,USD
13/12/2019 00:00,42.39,42.94,41.06,41.15,79486891,USD
16/12/2019 00:00,41.77,42.98,41.75,42.35,57937631,USD
17/12/2019 00:00,42.52,43.1,42.15,42.77,44680533,USD
18/12/2019 00:00,42.3,43.057,42.24,42.3,38676008,USD
19/12/2019 00:00,42.83,43.34,42.6,42.83,44812139,USD
20/12/2019 00:00,43.45,44.26,43.26,44.15,65109170,USD
23/12/2019 00:00,44.57,45.62,44.39,45.46,55605898,USD
24/12/2019 00:00,46.1,46.61,45.77,46.54,44354524,USD
26/12/2019 00:00,47,47.31,45.666,46.63,57161610,USD
27/12/2019 00:00,46.85,46.88,45.975,46.18,36324219,USD
30/12/2019 00:00,45.52,46.17,44.66,45.52,40899781,USD
31/12/2019 00:00,45.86,46.09,44.927,45.86,31562358,USD
02/01/2020 00:00,46.863,49.25,46.64,49.1,79601947,USD
03/01/2020 00:00,47.94,49.385,47.54,48.6,72586300,USD
06/01/2020 00:00,48.01,48.86,47.86,48.39,46909505,USD
07/01/2020 00:00,49.35,49.39,48.04,48.25,57457697,USD
08/01/2020 00:00,47.83,48.3,47.145,47.83,53527484,USD
09/01/2020 00:00,48.92,49.96,48.39,48.97,75615165,USD
10/01/2020 00:00,49.25,49.29,48,48.165,43957982,USD
13/01/2020 00:00,48.66,48.86,48.24,48.745,33735694,USD
14/01/2020 00:00,48.62,49.03,47.91,48.21,37976046,USD
15/01/2020 00:00,48.23,49.08,48.125,48.545,39760681,USD
16/01/2020 00:00,49.15,50.305,48.99,49.77,58035225,USD
17/01/2020 00:00,50.25,51.04,49.9,50.93,57053563,USD
21/01/2020 00:00,50.96,51.81,50.7,51.05,48383339,USD
22/01/2020 00:00,51.43,51.875,51.195,51.43,40295755,USD
23/01/2020 00:00,51.35,51.745,50.74,51.71,38470847,USD
24/01/2020 00:00,52.31,52.81,49.47,50.35,79411030,USD
27/01/2020 00:00,48.45,49.785,47.9,49.26,48408758,USD
28/01/2020 00:00,50.03,50.85,49.48,50.53,55424078,USD
29/01/2020 00:00,47.81,48.06,46.1,47.51,111824608,USD
30/01/2020 00:00,46.49,48.81,46.14,48.78,69774075,USD
31/01/2020 00:00,48.4,48.57,46.79,47,59175426,USD
03/02/2020 00:00,46.4,48.1,46.23,48.02,46680012,USD
04/02/2020 00:00,49.24,49.75,48.61,49.45,45769254,USD
05/02/2020 00:00,50.3,50.42,49.31,49.84,42422766,USD
06/02/2020 00:00,49.32,49.39,47.63,49.32,48503495,USD
07/02/2020 00:00,48.93,50.665,48.635,49.73,52714712,USD
10/02/2020 00:00,49.47,52.3,49.35,52.26,60357652,USD
11/02/2020 00:00,53.19,54.48,52.91,54.01,31622931,USD
