Gmt time,Open,High,Low,Close,Volume
01.02.2018 00:00:00.000,33.153,33.522,32.572,32.883,57.7327
02.02.2018 00:00:00.000,32.693,32.892,31.912,32.103,70.0745
03.02.2018 00:00:00.000,32.103,32.103,32.103,32.103,0
04.02.2018 00:00:00.000,32.103,32.103,32.103,32.103,0
05.02.2018 00:00:00.000,31.952,32.223,30.532,30.582,112.2197
06.02.2018 00:00:00.000,29.882,32.482,29.313,32.162,133.8409
07.02.2018 00:00:00.000,32.152,33.063,31.862,32.623,107.6721
08.02.2018 00:00:00.000,32.873,32.873,31.182,31.203,120.0862
09.02.2018 00:00:00.000,31.762,32.653,30.562,32.313,160.9584
10.02.2018 00:00:00.000,32.313,32.313,32.313,32.313,0
11.02.2018 00:00:00.000,32.313,32.313,32.313,32.313,0
12.02.2018 00:00:00.000,32.733,32.733,31.332,31.443,95.3302
13.02.2018 00:00:00.000,31.402,32.513,31.323,32.443,74.0084
14.02.2018 00:00:00.000,32.152,33.403,32.023,33.122,79.0229
15.02.2018 00:00:00.000,33.472,33.622,32.662,33.343,67.1053
16.02.2018 00:00:00.000,33.423,33.973,33.282,33.282,68.9102
17.02.2018 00:00:00.000,33.282,33.282,33.282,33.282,0
18.02.2018 00:00:00.000,33.282,33.282,33.282,33.282,0
19.02.2018 00:00:00.000,33.282,33.282,33.282,33.282,0
20.02.2018 00:00:00.000,31.103,32.423,30.775,31.633,76.6381
21.02.2018 00:00:00.000,31.803,32.942,31.802,32.233,21.4043
22.02.2018 00:00:00.000,32.443,32.713,32.252,32.382,20.9765
23.02.2018 00:00:00.000,32.633,32.753,32.022,32.712,13.2299
24.02.2018 00:00:00.000,32.712,32.712,32.712,32.712,0
25.02.2018 00:00:00.000,32.712,32.712,32.712,32.712,0
26.02.2018 00:00:00.000,33.423,33.423,31.912,32.143,11.7457
27.02.2018 00:00:00.000,32.703,33.213,31.222,31.233,19.4861
28.02.2018 00:00:00.000,31.523,32.193,31.523,31.592,18.3024
01.03.2018 00:00:00.000,31.462,31.893,30.758,31.723,22.4288
02.03.2018 00:00:00.000,34.183,34.363,32.733,34.162,33.3628
03.03.2018 00:00:00.000,34.162,34.162,34.162,34.162,0
04.03.2018 00:00:00.000,34.162,34.162,34.162,34.162,0
05.03.2018 00:00:00.000,34.353,34.353,33.462,34.103,23.2558
06.03.2018 00:00:00.000,34.302,34.723,34.022,34.593,24.2304
07.03.2018 00:00:00.000,34.413,34.523,32.982,33.283,20.4749
08.03.2018 00:00:00.000,33.832,33.832,32.592,32.612,17.6931
09.03.2018 00:00:00.000,33.153,33.192,32.182,33.082,8.8133
10.03.2018 00:00:00.000,33.082,33.082,33.082,33.082,0
11.03.2018 00:00:00.000,33.082,33.082,33.082,33.082,0
12.03.2018 00:00:00.000,33.073,33.133,32.052,32.242,10.8626
13.03.2018 00:00:00.000,32.503,33.003,32.343,32.682,14.1004
14.03.2018 00:00:00.000,32.832,33.002,32.302,32.433,13.4692
15.03.2018 00:00:00.000,32.472,32.543,31.772,31.833,10.695
16.03.2018 00:00:00.000,32.023,32.413,31.403,31.742,10.35
17.03.2018 00:00:00.000,31.742,31.742,31.742,31.742,0
18.03.2018 00:00:00.000,31.742,31.742,31.742,31.742,0
19.03.2018 00:00:00.000,31.942,32.533,31.802,32.232,12.085
20.03.2018 00:00:00.000,32.363,32.703,32.012,32.323,13.8075
21.03.2018 00:00:00.000,32.513,32.813,32.093,32.093,16.7193
22.03.2018 00:00:00.000,31.893,31.983,31.142,31.203,16.5101
23.03.2018 00:00:00.000,31.393,32.093,31.032,31.063,20.8103
24.03.2018 00:00:00.000,31.063,31.063,31.063,31.063,0
25.03.2018 00:00:00.000,31.063,31.063,31.063,31.063,0
26.03.2018 00:00:00.000,31.223,31.223,30.422,30.962,13.8316
27.03.2018 00:00:00.000,30.992,31.023,30.353,30.523,21.0906
28.03.2018 00:00:00.000,31.412,31.702,30.352,30.903,22.3808
29.03.2018 00:00:00.000,31.132,31.692,31.062,31.223,15.7672
30.03.2018 00:00:00.000,31.223,31.223,31.223,31.223,0
31.03.2018 00:00:00.000,31.223,31.223,31.223,31.223,0
01.04.2018 00:00:00.000,31.223,31.223,31.223,31.223,0
02.04.2018 00:00:00.000,31.162,31.343,30.202,30.753,25.0009
03.04.2018 00:00:00.000,31.092,31.402,30.843,31.192,21.4124
04.04.2018 00:00:00.000,30.882,31.943,30.882,31.893,15.2326
05.04.2018 00:00:00.000,32.182,32.243,31.682,32.012,17.1784
06.04.2018 00:00:00.000,31.903,31.952,30.602,30.853,17.7615
07.04.2018 00:00:00.000,30.853,30.853,30.853,30.853,0
08.04.2018 00:00:00.000,30.853,30.853,30.853,30.853,0
09.04.2018 00:00:00.000,31.133,31.133,29.982,30.073,13.7927
10.04.2018 00:00:00.000,30.383,31.003,30.252,30.772,14.0491
11.04.2018 00:00:00.000,30.573,30.753,30.142,30.552,17.4938
12.04.2018 00:00:00.000,30.812,30.952,30.412,30.642,11.0786
13.04.2018 00:00:00.000,30.803,30.803,30.012,30.062,14.5639
14.04.2018 00:00:00.000,30.062,30.062,30.062,30.062,0
15.04.2018 00:00:00.000,30.062,30.062,30.062,30.062,0
16.04.2018 00:00:00.000,30.402,30.453,29.843,30.173,21.599
17.04.2018 00:00:00.000,30.502,30.783,30.262,30.543,12.8682
18.04.2018 00:00:00.000,30.702,30.843,29.532,29.552,10.5363
19.04.2018 00:00:00.000,29.612,29.623,29.012,29.562,11.7596
20.04.2018 00:00:00.000,29.363,29.683,28.132,28.443,11.7081
21.04.2018 00:00:00.000,28.443,28.443,28.443,28.443,0
22.04.2018 00:00:00.000,28.443,28.443,28.443,28.443,0
23.04.2018 00:00:00.000,28.513,29.113,28.392,28.793,13.3945
24.04.2018 00:00:00.000,29.003,29.893,28.813,29.193,16.4543
25.04.2018 00:00:00.000,29.373,30.083,28.952,29.922,31.8239
26.04.2018 00:00:00.000,29.993,30.433,29.752,30.143,47.4496
27.04.2018 00:00:00.000,30.232,30.512,29.932,30.433,49.6088
28.04.2018 00:00:00.000,30.433,30.433,30.433,30.433,0
29.04.2018 00:00:00.000,30.433,30.433,30.433,30.433,0
30.04.2018 00:00:00.000,30.773,30.773,29.022,29.253,34.7128
01.05.2018 00:00:00.000,29.353,29.403,28.342,28.863,55.3256
02.05.2018 00:00:00.000,28.962,29.313,28.552,29.132,44.9692
03.05.2018 00:00:00.000,29.212,29.543,28.842,29.012,53.4178
04.05.2018 00:00:00.000,28.952,29.023,28.402,28.823,29.1694
05.05.2018 00:00:00.000,28.823,28.823,28.823,28.823,0
06.05.2018 00:00:00.000,28.823,28.823,28.823,28.823,0
07.05.2018 00:00:00.000,28.812,28.873,28.082,28.362,29.8817
08.05.2018 00:00:00.000,28.443,28.823,28.162,28.742,35.329
09.05.2018 00:00:00.000,28.712,29.263,28.592,29.232,34.6389
10.05.2018 00:00:00.000,29.053,29.053,28.492,28.813,32.7324
11.05.2018 00:00:00.000,29.013,29.503,28.692,29.223,30.8454
12.05.2018 00:00:00.000,29.223,29.223,29.223,29.223,0
13.05.2018 00:00:00.000,29.223,29.223,29.223,29.223,0
14.05.2018 00:00:00.000,29.422,30.623,29.223,30.412,29.0938
15.05.2018 00:00:00.000,31.052,31.283,30.172,31.183,47.7115
16.05.2018 00:00:00.000,31.473,32.012,30.862,31.583,43.0186
17.05.2018 00:00:00.000,31.513,31.683,31.162,31.413,36.7813
18.05.2018 00:00:00.000,31.422,31.803,31.252,31.602,28.1439
19.05.2018 00:00:00.000,31.602,31.602,31.602,31.602,0
20.05.2018 00:00:00.000,31.602,31.602,31.602,31.602,0
21.05.2018 00:00:00.000,32.013,32.062,31.612,31.702,27.0995
22.05.2018 00:00:00.000,32.022,32.143,31.613,31.792,34.7914
23.05.2018 00:00:00.000,31.573,32.203,31.442,31.992,35.1538
24.05.2018 00:00:00.000,31.982,33.353,31.962,33.003,38.4537
25.05.2018 00:00:00.000,30.312,30.393,28.162,28.163,66.9864
26.05.2018 00:00:00.000,28.163,28.163,28.163,28.163,0
27.05.2018 00:00:00.000,28.163,28.163,28.163,28.163,0
28.05.2018 00:00:00.000,28.163,28.163,28.163,28.163,0
29.05.2018 00:00:00.000,28.072,28.753,28.022,28.302,38.5405
30.05.2018 00:00:00.000,28.352,28.973,27.592,28.923,37.1824
31.05.2018 00:00:00.000,28.893,29.113,27.962,27.992,41.5283
01.06.2018 00:00:00.000,28.132,29.063,28.063,28.983,36.7944
02.06.2018 00:00:00.000,28.983,28.983,28.983,28.983,0
03.06.2018 00:00:00.000,28.983,28.983,28.983,28.983,0
04.06.2018 00:00:00.000,29.222,29.503,28.932,29.213,35.121
05.06.2018 00:00:00.000,29.313,31.743,29.202,31.202,49.2146
06.06.2018 00:00:00.000,31.752,31.752,30.663,31.113,36.357
07.06.2018 00:00:00.000,31.292,31.853,31.182,31.562,40.4889
08.06.2018 00:00:00.000,31.513,31.833,31.322,31.773,37.9199
09.06.2018 00:00:00.000,31.773,31.773,31.773,31.773,0
10.06.2018 00:00:00.000,31.773,31.773,31.773,31.773,0
11.06.2018 00:00:00.000,31.922,32.982,31.822,32.773,43.5389
12.06.2018 00:00:00.000,33.003,33.253,32.242,32.952,41.2098
13.06.2018 00:00:00.000,32.953,33.103,32.042,32.243,37.2825
14.06.2018 00:00:00.000,32.553,32.553,31.282,31.342,41.8032
15.06.2018 00:00:00.000,31.562,31.722,31.082,31.652,35.5963
16.06.2018 00:00:00.000,31.652,31.652,31.652,31.652,0
17.06.2018 00:00:00.000,31.652,31.652,31.652,31.652,0
18.06.2018 00:00:00.000,31.632,32.693,31.582,32.563,35.4405
19.06.2018 00:00:00.000,32.162,32.703,31.912,32.552,43.8537
20.06.2018 00:00:00.000,33.173,33.173,32.212,33.102,35.5886
21.06.2018 00:00:00.000,32.923,33.922,32.922,33.752,38.2844
22.06.2018 00:00:00.000,34.012,34.233,33.142,33.412,46.5177
23.06.2018 00:00:00.000,33.412,33.412,33.412,33.412,0
24.06.2018 00:00:00.000,33.412,33.412,33.412,33.412,0
25.06.2018 00:00:00.000,33.642,33.903,33.112,33.572,58.828
26.06.2018 00:00:00.000,33.863,34.153,33.512,33.743,39.8754
27.06.2018 00:00:00.000,34.143,34.212,33.212,33.262,50.0355
28.06.2018 00:00:00.000,33.382,33.952,33.322,33.512,41.5126
29.06.2018 00:00:00.000,33.663,33.732,32.382,32.423,37.1861
30.06.2018 00:00:00.000,32.423,32.423,32.423,32.423,0
01.07.2018 00:00:00.000,32.423,32.423,32.423,32.423,0
02.07.2018 00:00:00.000,32.073,32.213,31.392,31.753,45.0895
03.07.2018 00:00:00.000,32.213,32.473,32.072,32.273,22.836
04.07.2018 00:00:00.000,32.273,32.273,32.273,32.273,0
05.07.2018 00:00:00.000,32.792,32.792,31.532,31.622,36.1821
06.07.2018 00:00:00.000,31.942,31.942,30.622,31.273,35.3463
07.07.2018 00:00:00.000,31.273,31.273,31.273,31.273,0
08.07.2018 00:00:00.000,31.273,31.273,31.273,31.273,0
09.07.2018 00:00:00.000,31.443,31.702,30.442,30.842,28.8799
10.07.2018 00:00:00.000,30.483,31.133,30.422,31.023,32.3757
11.07.2018 00:00:00.000,30.912,30.913,30.082,30.212,42.4091
12.07.2018 00:00:00.000,29.993,30.203,29.533,29.643,34.5778
13.07.2018 00:00:00.000,29.742,30.053,29.273,29.422,34.4375
14.07.2018 00:00:00.000,29.422,29.422,29.422,29.422,0
15.07.2018 00:00:00.000,29.422,29.422,29.422,29.422,0
16.07.2018 00:00:00.000,29.652,29.652,28.972,29.493,34.3514
17.07.2018 00:00:00.000,29.602,29.973,29.532,29.903,29.1018
18.07.2018 00:00:00.000,30.093,30.323,29.862,30.172,29.7467
19.07.2018 00:00:00.000,30.383,30.843,30.093,30.733,33.5532
20.07.2018 00:00:00.000,30.733,30.813,30.042,30.072,24.6002
21.07.2018 00:00:00.000,30.072,30.072,30.072,30.072,0
22.07.2018 00:00:00.000,30.072,30.072,30.072,30.072,0
23.07.2018 00:00:00.000,30.563,30.673,30.002,30.073,32.1287
24.07.2018 00:00:00.000,30.472,30.473,29.212,29.542,38.5135
25.07.2018 00:00:00.000,29.732,30.113,29.522,30.083,27.2597
26.07.2018 00:00:00.000,30.292,30.743,29.822,30.172,38.8192
27.07.2018 00:00:00.000,30.833,30.833,29.352,29.442,37.685
28.07.2018 00:00:00.000,29.442,29.442,29.442,29.442,0
29.07.2018 00:00:00.000,29.442,29.442,29.442,29.442,0
30.07.2018 00:00:00.000,29.632,30.133,29.602,29.882,30.4637
31.07.2018 00:00:00.000,30.243,30.413,29.902,30.193,27.3179
01.08.2018 00:00:00.000,30.372,30.502,29.202,29.222,40.2432
02.08.2018 00:00:00.000,29.332,30.183,29.112,30.093,33.4233
03.08.2018 00:00:00.000,30.212,30.753,29.992,30.362,33.084
04.08.2018 00:00:00.000,30.362,30.362,30.362,30.362,0
05.08.2018 00:00:00.000,30.362,30.362,30.362,30.362,0
06.08.2018 00:00:00.000,30.362,30.603,30.242,30.493,35.6554
07.08.2018 00:00:00.000,30.822,30.953,30.423,30.732,37.2634
08.08.2018 00:00:00.000,30.912,31.093,30.342,30.913,28.9928
09.08.2018 00:00:00.000,31.152,31.563,31.012,31.193,29.6798
10.08.2018 00:00:00.000,31.122,31.673,31.013,31.363,27.2119
11.08.2018 00:00:00.000,31.363,31.363,31.363,31.363,0
12.08.2018 00:00:00.000,31.363,31.363,31.363,31.363,0
13.08.2018 00:00:00.000,31.693,31.693,31.002,31.162,35.0423
14.08.2018 00:00:00.000,31.343,32.733,31.102,32.712,36.5708
15.08.2018 00:00:00.000,32.092,32.133,30.662,31.072,51.0609
16.08.2018 00:00:00.000,31.633,31.633,30.272,30.772,34.7817
17.08.2018 00:00:00.000,31.052,31.423,30.693,31.312,32.2279
18.08.2018 00:00:00.000,31.312,31.312,31.312,31.312,0
19.08.2018 00:00:00.000,31.312,31.312,31.312,31.312,0
20.08.2018 00:00:00.000,31.282,32.243,31.263,32.182,30.4414
21.08.2018 00:00:00.000,32.513,32.783,31.992,32.322,32.3122
22.08.2018 00:00:00.000,32.473,33.013,32.082,32.243,34.0582
23.08.2018 00:00:00.000,32.362,32.702,32.072,32.473,27.6684
24.08.2018 00:00:00.000,29.813,30.202,28.592,29.662,48.8365
25.08.2018 00:00:00.000,29.662,29.662,29.662,29.662,0
26.08.2018 00:00:00.000,29.662,29.662,29.662,29.662,0
27.08.2018 00:00:00.000,29.782,31.143,29.762,30.202,38.7443
28.08.2018 00:00:00.000,30.883,30.953,30.252,30.732,34.7601
29.08.2018 00:00:00.000,30.452,30.873,29.863,30.693,36.3168
30.08.2018 00:00:00.000,30.703,30.813,30.062,30.172,36.5078
31.08.2018 00:00:00.000,30.263,30.572,30.042,30.373,32.9893
01.09.2018 00:00:00.000,30.373,30.373,30.373,30.373,0
02.09.2018 00:00:00.000,30.373,30.373,30.373,30.373,0
03.09.2018 00:00:00.000,30.373,30.373,30.373,30.373,0
04.09.2018 00:00:00.000,30.372,30.462,30.092,30.392,32.0627
05.09.2018 00:00:00.000,30.373,30.653,30.092,30.293,36.8702
06.09.2018 00:00:00.000,30.513,30.513,28.992,29.033,37.9491
07.09.2018 00:00:00.000,29.182,29.503,28.782,28.963,40.7782
08.09.2018 00:00:00.000,28.963,28.963,28.963,28.963,0
09.09.2018 00:00:00.000,28.963,28.963,28.963,28.963,0
10.09.2018 00:00:00.000,29.263,29.502,28.852,28.913,29.2786
11.09.2018 00:00:00.000,28.782,28.902,28.462,28.702,34.8087
12.09.2018 00:00:00.000,28.913,28.913,27.872,28.382,30.1011
13.09.2018 00:00:00.000,28.742,28.742,28.142,28.243,28.0614
14.09.2018 00:00:00.000,28.193,28.393,27.632,27.782,29.7905
15.09.2018 00:00:00.000,27.782,27.782,27.782,27.782,0
16.09.2018 00:00:00.000,27.782,27.782,27.782,27.782,0
17.09.2018 00:00:00.000,27.952,27.953,27.062,27.073,41.7302
18.09.2018 00:00:00.000,27.312,27.342,26.982,27.013,32.4594
19.09.2018 00:00:00.000,27.182,27.823,26.892,27.222,35.4867
20.09.2018 00:00:00.000,27.702,27.703,27.052,27.492,32.3566
21.09.2018 00:00:00.000,27.732,27.933,27.342,27.822,35.421
22.09.2018 00:00:00.000,27.822,27.822,27.822,27.822,0
23.09.2018 00:00:00.000,27.822,27.822,27.822,27.822,0
24.09.2018 00:00:00.000,28.013,28.192,27.422,27.713,37.639
25.09.2018 00:00:00.000,28.053,28.213,27.712,27.973,33.8047
26.09.2018 00:00:00.000,28.183,28.873,28.112,28.603,31.2891
27.09.2018 00:00:00.000,28.712,29.002,28.442,28.692,28.6067
28.09.2018 00:00:00.000,28.692,29.123,28.682,28.873,30.1096
29.09.2018 00:00:00.000,28.873,28.873,28.873,28.873,0
30.09.2018 00:00:00.000,28.873,28.873,28.873,28.873,0
01.10.2018 00:00:00.000,29.162,29.163,28.402,28.732,26.5833
02.10.2018 00:00:00.000,29.012,29.013,27.282,27.323,32.9385
03.10.2018 00:00:00.000,27.483,27.633,27.082,27.412,33.8551
04.10.2018 00:00:00.000,27.512,27.572,26.392,27.122,45.4114
05.10.2018 00:00:00.000,27.263,27.723,27.123,27.603,45.3994
06.10.2018 00:00:00.000,27.603,27.603,27.603,27.603,0
07.10.2018 00:00:00.000,27.603,27.603,27.603,27.603,0
08.10.2018 00:00:00.000,27.763,27.983,27.142,27.942,35.1266
09.10.2018 00:00:00.000,27.903,27.933,27.222,27.553,49.7511
10.10.2018 00:00:00.000,27.692,28.053,26.982,27.053,61.6101
11.10.2018 00:00:00.000,26.982,27.733,26.602,26.642,90.6646
12.10.2018 00:00:00.000,27.113,27.113,26.383,26.693,71.5056
13.10.2018 00:00:00.000,26.693,26.693,26.693,26.693,0
14.10.2018 00:00:00.000,26.693,26.693,26.693,26.693,0
15.10.2018 00:00:00.000,26.812,27.453,26.652,27.132,54.7243
16.10.2018 00:00:00.000,27.502,27.502,26.942,27.262,41.0723
17.10.2018 00:00:00.000,27.493,27.493,26.692,27.152,50.9183
18.10.2018 00:00:00.000,25.713,26.072,25.372,25.582,74.4995
19.10.2018 00:00:00.000,25.803,25.982,25.292,25.302,54.8767
20.10.2018 00:00:00.000,25.302,25.302,25.302,25.302,0
21.10.2018 00:00:00.000,25.302,25.302,25.302,25.302,0
22.10.2018 00:00:00.000,25.722,26.433,25.493,26.182,56.0082
23.10.2018 00:00:00.000,25.932,26.453,25.502,26.392,64.673
24.10.2018 00:00:00.000,26.502,26.953,26.152,26.172,74.9139
25.10.2018 00:00:00.000,26.423,26.803,26.213,26.632,58.5281
26.10.2018 00:00:00.000,26.722,27.323,26.502,27.082,100.3095
27.10.2018 00:00:00.000,27.082,27.082,27.082,27.082,0
28.10.2018 00:00:00.000,27.082,27.082,27.082,27.082,0
29.10.2018 00:00:00.000,27.503,28.452,27.272,27.672,88.7137
30.10.2018 00:00:00.000,27.652,28.543,27.652,28.502,103.7177
31.10.2018 00:00:00.000,28.632,28.683,27.312,27.322,76.179
01.11.2018 00:00:00.000,27.562,27.572,26.842,27.293,61.7567
02.11.2018 00:00:00.000,27.652,28.103,27.442,27.922,68.7563
03.11.2018 00:00:00.000,27.922,27.922,27.922,27.922,0
04.11.2018 00:00:00.000,27.922,27.922,27.922,27.922,0
05.11.2018 00:00:00.000,27.922,28.053,27.142,27.772,51.8143
06.11.2018 00:00:00.000,27.773,28.013,27.382,27.893,69.2722
07.11.2018 00:00:00.000,28.092,28.092,26.393,27.413,59.9207
08.11.2018 00:00:00.000,28.063,28.092,27.582,27.842,60.9024
09.11.2018 00:00:00.000,27.702,28.112,27.132,27.492,61.3456
10.11.2018 00:00:00.000,27.492,27.492,27.492,27.492,0
11.11.2018 00:00:00.000,27.492,27.492,27.492,27.492,0
12.11.2018 00:00:00.000,27.673,27.673,27.212,27.442,62.5445
13.11.2018 00:00:00.000,27.623,27.623,26.903,27.033,65.2278
14.11.2018 00:00:00.000,27.212,27.802,26.712,26.873,83.0473
15.11.2018 00:00:00.000,26.503,26.743,25.753,26.233,93.3767
16.11.2018 00:00:00.000,26.052,26.053,25.432,25.913,72.6816
17.11.2018 00:00:00.000,25.913,25.913,25.913,25.913,0
18.11.2018 00:00:00.000,25.913,25.913,25.913,25.913,0
19.11.2018 00:00:00.000,26.032,26.253,25.382,25.462,66.893
20.11.2018 00:00:00.000,24.743,25.572,24.313,24.663,80.4761
21.11.2018 00:00:00.000,25.143,26.143,24.948,25.832,45.3155
22.11.2018 00:00:00.000,25.832,25.832,25.832,25.832,0
23.11.2018 00:00:00.000,25.912,26.163,25.692,26.023,35.3728
24.11.2018 00:00:00.000,26.023,26.023,26.023,26.023,0
25.11.2018 00:00:00.000,26.023,26.023,26.023,26.023,0
26.11.2018 00:00:00.000,26.342,26.602,26.012,26.503,50.6803
27.11.2018 00:00:00.000,26.562,26.713,26.072,26.492,60.112
28.11.2018 00:00:00.000,26.672,27.183,26.122,27.163,59.8422
29.11.2018 00:00:00.000,27.333,27.413,26.333,26.663,55.1235
30.11.2018 00:00:00.000,26.783,27.493,26.653,27.302,45.0878
01.12.2018 00:00:00.000,27.302,27.302,27.302,27.302,0
02.12.2018 00:00:00.000,27.302,27.302,27.302,27.302,0
03.12.2018 00:00:00.000,27.582,28.213,27.532,28.193,49.6634
04.12.2018 00:00:00.000,28.372,28.482,26.662,26.933,68.9085
05.12.2018 00:00:00.000,26.933,26.933,26.933,26.933,0
06.12.2018 00:00:00.000,26.702,27.673,26.452,27.633,100.927
07.12.2018 00:00:00.000,27.763,27.803,26.942,27.003,93.5967
08.12.2018 00:00:00.000,27.003,27.003,27.003,27.003,0
09.12.2018 00:00:00.000,27.003,27.003,27.003,27.003,0
10.12.2018 00:00:00.000,27.292,27.292,26.532,26.972,92.5012
11.12.2018 00:00:00.000,27.723,28.003,26.962,27.172,81.5231
12.12.2018 00:00:00.000,27.592,27.713,26.953,27.482,81.9672
13.12.2018 00:00:00.000,27.802,27.802,26.342,26.663,66.9472
14.12.2018 00:00:00.000,26.513,27.163,26.312,26.632,75.0368
15.12.2018 00:00:00.000,26.632,26.632,26.632,26.632,0
16.12.2018 00:00:00.000,26.632,26.632,26.632,26.632,0
17.12.2018 00:00:00.000,26.413,26.713,25.363,25.483,79.3251
18.12.2018 00:00:00.000,25.752,25.883,25.102,25.573,80.6604
19.12.2018 00:00:00.000,25.862,25.862,24.962,25.203,134.1799
20.12.2018 00:00:00.000,25.343,25.582,24.812,25.072,180.3963
21.12.2018 00:00:00.000,25.472,25.653,24.562,24.622,181.0324
22.12.2018 00:00:00.000,24.622,24.622,24.622,24.622,0
23.12.2018 00:00:00.000,24.622,24.622,24.622,24.622,0
24.12.2018 00:00:00.000,24.763,24.933,24.452,24.722,85.8941
25.12.2018 00:00:00.000,24.722,24.722,24.722,24.722,0
26.12.2018 00:00:00.000,25.192,25.853,24.762,25.833,131.7092
27.12.2018 00:00:00.000,25.623,26.163,25.102,26.162,152.4964
28.12.2018 00:00:00.000,26.442,26.442,25.513,25.642,123.666
29.12.2018 00:00:00.000,25.642,25.642,25.642,25.642,0
30.12.2018 00:00:00.000,25.642,25.642,25.642,25.642,0
31.12.2018 00:00:00.000,25.903,25.943,25.462,25.773,89.4466
01.01.2019 00:00:00.000,25.773,25.773,25.773,25.773,0
02.01.2019 00:00:00.000,25.443,26.013,25.373,25.772,113.55269999999999
03.01.2019 00:00:00.000,25.672,26.053,25.422,25.812,106.69169999999998
04.01.2019 00:00:00.000,26.272,26.273,25.162,25.403,91.6759
05.01.2019 00:00:00.000,25.403,25.403,25.403,25.403,0
06.01.2019 00:00:00.000,25.403,25.403,25.403,25.403,0
07.01.2019 00:00:00.000,25.613,27.013,25.353,26.612,98.2509
08.01.2019 00:00:00.000,26.733,26.803,24.823,25.242,99.25150000000001
09.01.2019 00:00:00.000,25.462,26.563,25.242,26.063,91.57469999999999
10.01.2019 00:00:00.000,25.372,26.063,24.672,25.273,94.357
11.01.2019 00:00:00.000,24.712,25.483,24.532,25.253,79.2641
12.01.2019 00:00:00.000,25.253,25.253,25.253,25.253,0
13.01.2019 00:00:00.000,25.253,25.253,25.253,25.253,0
14.01.2019 00:00:00.000,25.142,25.743,25.042,25.352,77.501
15.01.2019 00:00:00.000,25.472,25.472,24.892,24.933,66.78670000000001
16.01.2019 00:00:00.000,24.813,25.113,24.722,24.923,60.75479999999999
17.01.2019 00:00:00.000,24.963,25.613,24.762,25.602,59.556599999999996
18.01.2019 00:00:00.000,25.972,26.313,25.602,26.033,63.770100000000006
19.01.2019 00:00:00.000,26.033,26.033,26.033,26.033,0
20.01.2019 00:00:00.000,26.033,26.033,26.033,26.033,0
21.01.2019 00:00:00.000,26.033,26.033,26.033,26.033,0
22.01.2019 00:00:00.000,25.272,26.033,24.733,24.962,86.82390000000001
23.01.2019 00:00:00.000,25.393,25.513,24.862,25.413,80.18829999999998
24.01.2019 00:00:00.000,25.503,25.503,25.042,25.263,63.6211
25.01.2019 00:00:00.000,25.652,25.933,25.263,25.702,68.0359
26.01.2019 00:00:00.000,25.702,25.702,25.702,25.702,0
27.01.2019 00:00:00.000,25.702,25.702,25.702,25.702,0
28.01.2019 00:00:00.000,25.462,25.813,25.312,25.783,62.70690000000001
29.01.2019 00:00:00.000,26.013,26.013,25.252,25.513,66.5084
30.01.2019 00:00:00.000,25.923,25.923,25.252,25.273,61.6133
31.01.2019 00:00:00.000,25.433,25.773,25.142,25.453,51.8777
01.02.2019 00:00:00.000,25.732,25.743,24.823,25.022,46.4848
02.02.2019 00:00:00.000,25.022,25.022,25.022,25.022,0
03.02.2019 00:00:00.000,25.022,25.022,25.022,25.022,0
04.02.2019 00:00:00.000,25.233,25.343,24.852,25.312,35.2618
05.02.2019 00:00:00.000,25.463,25.463,25.052,25.233,41.4078
06.02.2019 00:00:00.000,25.312,25.312,24.412,24.713,44.608599999999996
07.02.2019 00:00:00.000,24.812,24.972,24.492,24.952,66.2527
08.02.2019 00:00:00.000,25.053,25.193,24.702,24.913,57.9354
09.02.2019 00:00:00.000,24.913,24.913,24.913,24.913,0
10.02.2019 00:00:00.000,24.913,24.913,24.913,24.913,0
11.02.2019 00:00:00.000,25.093,25.093,24.642,24.863,46.4428
12.02.2019 00:00:00.000,25.183,25.343,24.812,25.163,41.8262
13.02.2019 00:00:00.000,25.363,25.363,24.592,25.133,36.824299999999994
14.02.2019 00:00:00.000,25.022,25.263,24.742,24.953,70.7807
15.02.2019 00:00:00.000,25.233,25.373,24.953,25.093,74.5602
16.02.2019 00:00:00.000,25.093,25.093,25.093,25.093,0
17.02.2019 00:00:00.000,25.093,25.093,25.093,25.093,0
18.02.2019 00:00:00.000,25.093,25.093,25.093,25.093,0
19.02.2019 00:00:00.000,25.182,25.283,24.862,25.233,68.5179
20.02.2019 00:00:00.000,25.263,25.383,25.112,25.173,67.7239
21.02.2019 00:00:00.000,25.273,25.333,24.653,24.802,76.1542
22.02.2019 00:00:00.000,25.012,25.032,24.502,24.782,64.74109999999999
23.02.2019 00:00:00.000,24.782,24.782,24.782,24.782,0
24.02.2019 00:00:00.000,24.782,24.782,24.782,24.782,0
25.02.2019 00:00:00.000,25.002,25.253,24.782,25.143,71.5041
26.02.2019 00:00:00.000,25.432,25.452,24.602,24.853,70.8484
27.02.2019 00:00:00.000,25.322,25.613,24.853,25.383,72.32650000000001
28.02.2019 00:00:00.000,25.352,25.533,24.912,25.432,82.3706
01.03.2019 00:00:00.000,30.012,30.852,25.432,29.543,143.8795
02.03.2019 00:00:00.000,29.543,29.543,29.543,29.543,0
03.03.2019 00:00:00.000,29.543,29.543,29.543,29.543,0
04.03.2019 00:00:00.000,29.523,29.692,27.672,27.773,138.01049999999998
05.03.2019 00:00:00.000,28.053,28.053,27.062,27.223,91.79059999999998
06.03.2019 00:00:00.000,27.182,27.313,26.602,26.612,101.5352
07.03.2019 00:00:00.000,26.473,26.863,26.192,26.743,105.0902
08.03.2019 00:00:00.000,26.693,26.743,25.932,25.953,106.76729999999999
09.03.2019 00:00:00.000,25.953,25.953,25.953,25.953,0
10.03.2019 00:00:00.000,25.953,25.953,25.953,25.953,0
11.03.2019 00:00:00.000,26.262,26.463,25.953,26.323,48.1327
12.03.2019 00:00:00.000,26.492,26.752,25.822,25.992,91.54230000000001
13.03.2019 00:00:00.000,26.272,26.273,25.812,26.033,94.3826
14.03.2019 00:00:00.000,26.323,26.323,25.382,25.543,72.0367
15.03.2019 00:00:00.000,25.803,25.803,24.622,25.313,90.1857
16.03.2019 00:00:00.000,25.313,25.313,25.313,25.313,0
17.03.2019 00:00:00.000,25.313,25.313,25.313,25.313,0
18.03.2019 00:00:00.000,25.863,25.863,25.162,25.583,64.2211
19.03.2019 00:00:00.000,25.842,25.903,25.492,25.732,71.9866
20.03.2019 00:00:00.000,26.492,26.493,25.242,25.352,85.9695
21.03.2019 00:00:00.000,25.753,25.753,24.912,25.142,88.7775
22.03.2019 00:00:00.000,25.322,25.322,24.352,24.543,117.4904
23.03.2019 00:00:00.000,24.543,24.543,24.543,24.543,0
24.03.2019 00:00:00.000,24.543,24.543,24.543,24.543,0
25.03.2019 00:00:00.000,24.412,25.083,24.402,24.832,100.3565
26.03.2019 00:00:00.000,25.332,25.503,24.832,25.343,90.8352
27.03.2019 00:00:00.000,25.632,26.283,25.343,26.002,102.60359999999999
28.03.2019 00:00:00.000,26.433,26.543,25.792,26.132,91.00999999999999
29.03.2019 00:00:00.000,26.332,26.463,25.972,26.203,78.7738
30.03.2019 00:00:00.000,26.203,26.203,26.203,26.203,0
31.03.2019 00:00:00.000,26.203,26.203,26.203,26.203,0
01.04.2019 00:00:00.000,26.542,26.542,25.632,26.123,77.584
02.04.2019 00:00:00.000,26.362,26.362,25.812,25.832,61.973800000000004
03.04.2019 00:00:00.000,26.512,26.513,25.832,26.143,82.168
04.04.2019 00:00:00.000,26.253,26.833,26.133,26.743,73.83189999999999
05.04.2019 00:00:00.000,26.892,27.013,26.212,26.253,71.19839999999999
06.04.2019 00:00:00.000,26.253,26.253,26.253,26.253,0
07.04.2019 00:00:00.000,26.253,26.253,26.253,26.253,0
08.04.2019 00:00:00.000,26.792,26.792,26.112,26.462,78.8348
09.04.2019 00:00:00.000,26.063,26.462,25.642,25.672,59.2713
10.04.2019 00:00:00.000,26.062,26.062,25.362,25.912,68.2556
11.04.2019 00:00:00.000,26.153,26.153,25.322,25.493,60.53530000000001
12.04.2019 00:00:00.000,25.992,25.992,25.362,25.803,58.0787
13.04.2019 00:00:00.000,25.803,25.803,25.803,25.803,0
14.04.2019 00:00:00.000,25.803,25.803,25.803,25.803,0
15.04.2019 00:00:00.000,26.102,26.263,25.682,26.182,57.861999999999995
16.04.2019 00:00:00.000,26.432,26.503,25.882,26.082,60.5932
17.04.2019 00:00:00.000,26.343,26.593,26.082,26.173,67.5335
18.04.2019 00:00:00.000,26.442,26.442,25.922,25.993,60.372699999999995
19.04.2019 00:00:00.000,25.993,25.993,25.993,25.993,0
20.04.2019 00:00:00.000,25.993,25.993,25.993,25.993,0
21.04.2019 00:00:00.000,25.993,25.993,25.993,25.993,0
22.04.2019 00:00:00.000,26.092,26.173,25.162,25.242,66.9023
23.04.2019 00:00:00.000,25.412,25.413,24.462,25.073,70.19330000000001
24.04.2019 00:00:00.000,25.302,26.112,25.073,25.903,71.8605
25.04.2019 00:00:00.000,25.983,26.413,25.882,26.033,74.8336
26.04.2019 00:00:00.000,26.672,26.672,25.763,26.202,73.1235
27.04.2019 00:00:00.000,26.202,26.202,26.202,26.202,0
28.04.2019 00:00:00.000,26.202,26.202,26.202,26.202,0
29.04.2019 00:00:00.000,26.603,26.873,26.202,26.243,54.412099999999995
30.04.2019 00:00:00.000,26.443,26.622,25.812,26.093,47.35530000000001
01.05.2019 00:00:00.000,26.412,26.513,25.612,25.743,56.866600000000005
02.05.2019 00:00:00.000,26.063,26.153,25.492,25.893,55.545
03.05.2019 00:00:00.000,26.563,26.932,25.862,26.012,45.5443
04.05.2019 00:00:00.000,26.012,26.012,26.012,26.012,0
05.05.2019 00:00:00.000,26.012,26.012,26.012,26.012,0
06.05.2019 00:00:00.000,25.752,26.012,25.222,25.692,51.144400000000005
07.05.2019 00:00:00.000,25.523,26.292,24.732,24.932,77.67649999999999
08.05.2019 00:00:00.000,25.053,25.273,24.692,25.083,66.54339999999999
09.05.2019 00:00:00.000,24.822,25.143,24.622,24.992,82.5753
10.05.2019 00:00:00.000,25.113,25.113,24.072,24.383,86.0115
11.05.2019 00:00:00.000,24.383,24.383,24.383,24.383,0
12.05.2019 00:00:00.000,24.383,24.383,24.383,24.383,0
13.05.2019 00:00:00.000,24.262,24.782,22.523,22.753,110.7608
14.05.2019 00:00:00.000,22.863,22.913,21.772,22.862,90.861
15.05.2019 00:00:00.000,22.852,22.883,22.032,22.413,92.1767
16.05.2019 00:00:00.000,22.573,22.693,22.182,22.293,94.17699999999999
17.05.2019 00:00:00.000,22.313,22.403,21.952,22.282,101.60929999999999
18.05.2019 00:00:00.000,22.282,22.282,22.282,22.282,0
19.05.2019 00:00:00.000,22.282,22.282,22.282,22.282,0
20.05.2019 00:00:00.000,22.153,22.312,21.882,22.043,91.6668
21.05.2019 00:00:00.000,22.273,22.763,21.712,22.382,107.804
22.05.2019 00:00:00.000,22.043,22.562,21.602,21.702,92.774
23.05.2019 00:00:00.000,22.012,22.012,21.112,21.283,110.21959999999999
24.05.2019 00:00:00.000,21.593,21.593,21.182,21.478,61.70089999999999
25.05.2019 00:00:00.000,21.478,21.478,21.478,21.478,0
26.05.2019 00:00:00.000,21.478,21.478,21.478,21.478,0
27.05.2019 00:00:00.000,21.478,21.478,21.478,21.478,0
28.05.2019 00:00:00.000,21.632,22.082,21.332,21.382,74.6625
29.05.2019 00:00:00.000,21.123,21.382,20.602,20.842,102.1351
30.05.2019 00:00:00.000,21.122,21.233,20.522,20.620,94.1113
31.05.2019 00:00:00.000,17.712,20.620,17.142,18.650,89.3979
01.06.2019 00:00:00.000,18.650,18.650,18.650,18.650,0
02.06.2019 00:00:00.000,18.650,18.650,18.650,18.650,0
03.06.2019 00:00:00.000,18.703,19.122,18.532,18.793,63.3147
04.06.2019 00:00:00.000,19.102,19.403,18.742,18.932,98.6812
05.06.2019 00:00:00.000,19.112,19.363,18.331,18.452,83.4261
06.06.2019 00:00:00.000,18.382,18.602,17.732,17.993,78.9348
07.06.2019 00:00:00.000,18.162,18.373,17.602,18.243,82.4565
08.06.2019 00:00:00.000,18.243,18.243,18.243,18.243,0
09.06.2019 00:00:00.000,18.243,18.243,18.243,18.243,0
10.06.2019 00:00:00.000,18.493,18.632,18.082,18.162,71.02539999999999
11.06.2019 00:00:00.000,18.672,18.792,18.162,18.322,78.5303
12.06.2019 00:00:00.000,18.393,18.592,17.772,17.862,74.2715
13.06.2019 00:00:00.000,18.172,18.273,17.832,18.182,80.0209
14.06.2019 00:00:00.000,18.268,18.283,17.722,18.198,72.19479999999999
15.06.2019 00:00:00.000,18.198,18.198,18.198,18.198,0
16.06.2019 00:00:00.000,18.198,18.198,18.198,18.198,0
17.06.2019 00:00:00.000,18.382,18.382,18.052,18.352,64.5565
18.06.2019 00:00:00.000,18.532,18.793,17.952,18.022,78.9908
19.06.2019 00:00:00.000,18.095,18.242,17.789,18.063,78.71950000000001
20.06.2019 00:00:00.000,18.262,18.263,17.838,18.113,81.10119999999999
21.06.2019 00:00:00.000,18.182,18.443,17.798,18.251,73.6292
22.06.2019 00:00:00.000,18.251,18.251,18.251,18.251,0
23.06.2019 00:00:00.000,18.251,18.251,18.251,18.251,0
24.06.2019 00:00:00.000,18.143,18.422,17.602,17.693,77.98010000000001
25.06.2019 00:00:00.000,17.723,17.883,17.463,17.512,89.6755
26.06.2019 00:00:00.000,17.672,17.983,17.472,17.662,77.23660000000001
27.06.2019 00:00:00.000,17.842,17.893,17.592,17.742,75.6243
28.06.2019 00:00:00.000,17.922,18.023,17.742,17.982,71.4548
29.06.2019 00:00:00.000,17.982,17.982,17.982,17.982,0
30.06.2019 00:00:00.000,17.982,17.982,17.982,17.982,0
01.07.2019 00:00:00.000,18.282,18.712,17.622,17.963,67.9145
02.07.2019 00:00:00.000,18.142,18.142,17.682,17.692,71.4948
03.07.2019 00:00:00.000,17.852,18.313,17.692,18.313,45.2785
04.07.2019 00:00:00.000,18.313,18.313,18.313,18.313,0
05.07.2019 00:00:00.000,18.142,18.532,18.102,18.308,73.36420000000001
06.07.2019 00:00:00.000,18.308,18.308,18.308,18.308,0
07.07.2019 00:00:00.000,18.308,18.308,18.308,18.308,0
08.07.2019 00:00:00.000,18.413,18.663,18.152,18.511,74.141
09.07.2019 00:00:00.000,18.332,18.511,17.908,18.002,71.9157
10.07.2019 00:00:00.000,18.192,18.193,17.752,17.879,67.3747
11.07.2019 00:00:00.000,18.082,18.202,17.859,18.171,72.9925
12.07.2019 00:00:00.000,18.313,18.863,18.171,18.672,74.759
13.07.2019 00:00:00.000,18.672,18.672,18.672,18.672,0
14.07.2019 00:00:00.000,18.672,18.672,18.672,18.672,0
15.07.2019 00:00:00.000,18.872,19.213,18.672,18.923,67.51230000000001
16.07.2019 00:00:00.000,19.012,19.313,18.832,19.252,73.3574
17.07.2019 00:00:00.000,19.122,19.342,18.602,18.763,73.16460000000001
18.07.2019 00:00:00.000,18.903,18.903,18.510,18.568,77.3678
19.07.2019 00:00:00.000,18.812,19.083,18.568,18.792,79.9987
20.07.2019 00:00:00.000,18.792,18.792,18.792,18.792,0
21.07.2019 00:00:00.000,18.792,18.792,18.792,18.792,0
22.07.2019 00:00:00.000,18.933,19.133,18.510,18.733,75.89099999999999
23.07.2019 00:00:00.000,19.083,19.083,18.452,18.742,77.4413
24.07.2019 00:00:00.000,18.853,19.363,18.742,19.332,73.4952
25.07.2019 00:00:00.000,19.512,19.732,19.099,19.269,75.53580000000001
26.07.2019 00:00:00.000,19.902,19.903,19.012,19.553,72.0188
27.07.2019 00:00:00.000,19.553,19.553,19.553,19.553,0
28.07.2019 00:00:00.000,19.553,19.553,19.553,19.553,0
29.07.2019 00:00:00.000,19.662,19.702,19.262,19.542,71.5133
30.07.2019 00:00:00.000,19.533,19.822,19.112,19.410,67.6299
31.07.2019 00:00:00.000,19.512,19.642,19.212,19.502,81.6819
01.08.2019 00:00:00.000,19.653,19.693,17.712,17.972,103.5339
02.08.2019 00:00:00.000,18.043,18.313,17.852,18.049,89.248
03.08.2019 00:00:00.000,18.049,18.049,18.049,18.049,0
04.08.2019 00:00:00.000,18.049,18.049,18.049,18.049,0
05.08.2019 00:00:00.000,17.823,18.049,17.319,17.852,109.00779999999999
06.08.2019 00:00:00.000,18.013,18.023,17.442,17.842,86.3475
07.08.2019 00:00:00.000,17.853,17.953,17.493,17.872,98.2889
08.08.2019 00:00:00.000,18.042,18.333,17.652,18.222,79.45830000000001
09.08.2019 00:00:00.000,18.123,18.353,17.652,17.832,74.1536
10.08.2019 00:00:00.000,17.832,17.832,17.832,17.832,0
11.08.2019 00:00:00.000,17.832,17.832,17.832,17.832,0
12.08.2019 00:00:00.000,17.722,17.903,17.162,17.482,77.0749
13.08.2019 00:00:00.000,17.552,18.972,17.202,17.973,100.85269999999998
14.08.2019 00:00:00.000,17.313,17.973,16.539,16.551,103.2953
15.08.2019 00:00:00.000,16.623,16.722,15.242,15.373,116.2756
16.08.2019 00:00:00.000,15.612,16.182,15.302,15.992,80.4069
17.08.2019 00:00:00.000,15.992,15.992,15.992,15.992,0
18.08.2019 00:00:00.000,15.992,15.992,15.992,15.992,0
19.08.2019 00:00:00.000,16.362,16.783,15.992,16.682,78.82159999999999
20.08.2019 00:00:00.000,16.813,17.072,16.132,16.342,84.4117
21.08.2019 00:00:00.000,16.832,17.253,16.342,16.982,24.2999
22.08.2019 00:00:00.000,17.352,18.013,16.982,17.782,33.504599999999996
23.08.2019 00:00:00.000,17.282,18.003,16.652,16.932,55.6681
24.08.2019 00:00:00.000,16.932,16.932,16.932,16.932,0
25.08.2019 00:00:00.000,16.932,16.932,16.932,16.932,0
26.08.2019 00:00:00.000,17.322,17.363,16.302,16.382,32.179700000000004
27.08.2019 00:00:00.000,16.553,16.553,15.582,15.602,43.9637
28.08.2019 00:00:00.000,15.663,16.073,15.492,15.872,34.1689
29.08.2019 00:00:00.000,16.062,16.333,15.853,15.922,88.4744
30.08.2019 00:00:00.000,16.022,16.063,15.602,15.793,47.54599999999999
31.08.2019 00:00:00.000,15.793,15.793,15.793,15.793,0
01.09.2019 00:00:00.000,15.793,15.793,15.793,15.793,0
02.09.2019 00:00:00.000,15.793,15.793,15.793,15.793,0
03.09.2019 00:00:00.000,15.752,15.793,15.122,15.592,8.2483
04.09.2019 00:00:00.000,15.842,16.183,15.592,16.123,9.0327
05.09.2019 00:00:00.000,16.543,17.233,16.123,17.012,12.723
06.09.2019 00:00:00.000,17.232,17.373,16.732,16.863,11.9159
07.09.2019 00:00:00.000,16.863,16.863,16.863,16.863,0
08.09.2019 00:00:00.000,16.863,16.863,16.863,16.863,0
09.09.2019 00:00:00.000,17.392,18.023,16.863,17.973,13.3684
10.09.2019 00:00:00.000,18.062,18.603,17.932,18.392,18.1603
11.09.2019 00:00:00.000,18.902,19.373,18.072,19.253,23.7486
12.09.2019 00:00:00.000,19.653,19.903,18.682,19.182,18.8663
13.09.2019 00:00:00.000,19.462,19.783,19.112,19.242,18.985
14.09.2019 00:00:00.000,19.242,19.242,19.242,19.242,0
15.09.2019 00:00:00.000,19.242,19.242,19.242,19.242,0
16.09.2019 00:00:00.000,19.262,19.302,18.442,18.572,18.7525
17.09.2019 00:00:00.000,18.742,18.743,17.882,18.222,21.991400000000002
18.09.2019 00:00:00.000,18.172,18.222,17.762,17.962,17.427599999999998
19.09.2019 00:00:00.000,18.142,18.182,17.412,17.542,14.6297
20.09.2019 00:00:00.000,17.673,17.933,17.182,17.202,16.5289
21.09.2019 00:00:00.000,17.202,17.202,17.202,17.202,0
22.09.2019 00:00:00.000,17.202,17.202,17.202,17.202,0
23.09.2019 00:00:00.000,17.372,17.513,16.912,17.443,15.316500000000001
24.09.2019 00:00:00.000,17.853,17.853,17.052,17.203,16.8767
25.09.2019 00:00:00.000,17.312,17.653,17.203,17.252,14.7424
26.09.2019 00:00:00.000,17.402,17.582,16.722,17.002,11.908999999999999
27.09.2019 00:00:00.000,17.213,17.463,17.002,17.182,17.227800000000002
28.09.2019 00:00:00.000,17.182,17.182,17.182,17.182,0
29.09.2019 00:00:00.000,17.182,17.182,17.182,17.182,0
30.09.2019 00:00:00.000,17.282,17.582,17.072,17.372,12.659300000000002
01.10.2019 00:00:00.000,17.582,17.703,17.042,17.063,17.988500000000002
02.10.2019 00:00:00.000,16.972,17.172,16.342,16.463,17.147299999999998
03.10.2019 00:00:00.000,16.582,16.582,15.862,16.522,18.2894
04.10.2019 00:00:00.000,16.682,16.683,16.142,16.232,15.736699999999999
05.10.2019 00:00:00.000,16.232,16.232,16.232,16.232,0
06.10.2019 00:00:00.000,16.232,16.232,16.232,16.232,0
07.10.2019 00:00:00.000,16.383,16.683,16.192,16.582,13.69
08.10.2019 00:00:00.000,16.252,16.582,15.832,16.033,17.672
09.10.2019 00:00:00.000,16.302,16.422,16.033,16.273,12.324800000000002
10.10.2019 00:00:00.000,16.402,16.813,16.273,16.652,14.136999999999999
11.10.2019 00:00:00.000,17.092,17.442,16.652,17.153,19.1605
12.10.2019 00:00:00.000,17.153,17.153,17.153,17.153,0
13.10.2019 00:00:00.000,17.153,17.153,17.153,17.153,0
14.10.2019 00:00:00.000,17.092,17.153,16.562,17.033,13.7253
15.10.2019 00:00:00.000,17.242,17.603,16.992,17.322,15.8398
16.10.2019 00:00:00.000,17.373,17.723,17.262,17.562,14.7094
17.10.2019 00:00:00.000,17.822,18.153,17.512,17.572,14.519799999999998
18.10.2019 00:00:00.000,16.953,17.572,16.342,16.883,18.4411
19.10.2019 00:00:00.000,16.883,16.883,16.883,16.883,0
20.10.2019 00:00:00.000,16.883,16.883,16.883,16.883,0
21.10.2019 00:00:00.000,17.152,17.483,16.883,17.362,12.396
22.10.2019 00:00:00.000,17.503,17.903,17.272,17.862,13.6689
23.10.2019 00:00:00.000,17.952,17.952,17.432,17.582,15.1386
24.10.2019 00:00:00.000,17.973,17.973,16.862,17.333,11.356
25.10.2019 00:00:00.000,17.642,17.932,17.073,17.342,12.35
26.10.2019 00:00:00.000,17.342,17.342,17.342,17.342,0