IEF_time,IEF_Open,IEF_High,IEF_Low,IEF_Close,IEF_Volume,IEF_Currency
02/08/2017 00:00,106.84,107.05,106.84,106.85,512601,USD
03/08/2017 00:00,107.02,107.248,106.98,107.22,1576242,USD
04/08/2017 00:00,106.97,106.97,106.7,106.93,1266056,USD
07/08/2017 00:00,106.88,107.001,106.82,106.99,554119,USD
08/08/2017 00:00,106.95,106.96,106.73,106.9,1276762,USD
09/08/2017 00:00,107.28,107.317,107.03,107.03,1268046,USD
10/08/2017 00:00,107.24,107.465,107.22,107.43,1408396,USD
11/08/2017 00:00,107.39,107.62,107.32,107.55,905013,USD
14/08/2017 00:00,107.34,107.45,107.25,107.29,1386134,USD
15/08/2017 00:00,106.86,107.055,106.857,106.97,1145215,USD
16/08/2017 00:00,106.87,107.33,106.87,107.17,2153572,USD
17/08/2017 00:00,107.21,107.585,107.17,107.55,1637343,USD
18/08/2017 00:00,107.74,107.81,107.42,107.57,1235736,USD
21/08/2017 00:00,107.6,107.71,107.56,107.64,718843,USD
22/08/2017 00:00,107.54,107.54,107.37,107.43,983570,USD
23/08/2017 00:00,107.66,107.8,107.57,107.8,1246078,USD
24/08/2017 00:00,107.63,107.75,107.575,107.63,2519688,USD
25/08/2017 00:00,107.64,107.87,107.57,107.81,1007501,USD
28/08/2017 00:00,107.76,107.92,107.721,107.91,870704,USD
29/08/2017 00:00,108.41,108.43,108.04,108.16,1590227,USD
30/08/2017 00:00,108.05,108.13,107.99,108.07,1296889,USD
31/08/2017 00:00,108.08,108.25,108.07,108.24,1022834,USD
01/09/2017 00:00,107.96,107.96,107.7,107.76,2940468,USD
05/09/2017 00:00,108.16,108.52,108.13,108.51,3045770,USD
06/09/2017 00:00,108.25,108.55,108.135,108.25,1601482,USD
07/09/2017 00:00,108.4,108.805,108.38,108.72,4242303,USD
08/09/2017 00:00,108.68,108.68,108.5,108.64,1248849,USD
11/09/2017 00:00,108.2,108.24,108.02,108.02,2006145,USD
12/09/2017 00:00,107.85,107.85,107.68,107.76,2961313,USD
13/09/2017 00:00,107.78,107.78,107.52,107.54,1588965,USD
14/09/2017 00:00,107.43,107.58,107.4,107.56,877669,USD
15/09/2017 00:00,107.57,107.69,107.38,107.69,1360608,USD
18/09/2017 00:00,107.26,107.359,107.17,107.27,3031582,USD
19/09/2017 00:00,107.3,107.33,107.116,107.15,672421,USD
20/09/2017 00:00,107.25,107.265,106.77,106.94,2077076,USD
21/09/2017 00:00,106.99,107.13,106.8,106.8,1889113,USD
22/09/2017 00:00,107.14,107.16,106.97,106.99,823958,USD
25/09/2017 00:00,107.11,107.39,107,107.31,1926872,USD
26/09/2017 00:00,107.21,107.28,107.12,107.22,969915,USD
27/09/2017 00:00,106.7,106.83,106.64,106.67,3013995,USD
28/09/2017 00:00,106.54,106.73,106.479,106.65,1722593,USD
29/09/2017 00:00,106.76,106.767,106.46,106.52,2001192,USD
02/10/2017 00:00,106.42,106.46,106.24,106.24,3218882,USD
03/10/2017 00:00,106.27,106.425,106.245,106.39,2476223,USD
04/10/2017 00:00,106.49,106.49,106.26,106.36,1681225,USD
05/10/2017 00:00,106.4,106.46,106.19,106.25,1772504,USD
06/10/2017 00:00,105.97,106.24,105.85,106.12,2325195,USD
09/10/2017 00:00,106.21,106.27,106.14,106.24,893033,USD
10/10/2017 00:00,106.3,106.53,106.26,106.28,1060175,USD
11/10/2017 00:00,106.43,106.44,106.28,106.4,2837184,USD
12/10/2017 00:00,106.47,106.54,106.36,106.5,1348682,USD
13/10/2017 00:00,106.82,106.92,106.69,106.86,1519627,USD
16/10/2017 00:00,106.67,106.79,106.57,106.68,1663207,USD
17/10/2017 00:00,106.52,106.675,106.5,106.64,672116,USD
18/10/2017 00:00,106.31,106.406,106.27,106.37,1776286,USD
19/10/2017 00:00,106.64,106.7,106.41,106.48,1518368,USD
20/10/2017 00:00,106.14,106.21,105.995,106.04,2651359,USD
23/10/2017 00:00,106.09,106.21,106.085,106.14,708665,USD
24/10/2017 00:00,105.88,105.96,105.76,105.82,1604177,USD
25/10/2017 00:00,105.47,105.74,105.47,105.65,1837633,USD
26/10/2017 00:00,105.75,105.76,105.5,105.51,1810326,USD
27/10/2017 00:00,105.62,105.855,105.54,105.85,1291487,USD
30/10/2017 00:00,106.09,106.24,106.033,106.23,598817,USD
31/10/2017 00:00,106.24,106.245,106.14,106.16,1178008,USD
01/11/2017 00:00,105.92,106.22,105.915,106.06,1321452,USD
02/11/2017 00:00,106.18,106.35,106.12,106.2,1996904,USD
03/11/2017 00:00,106.34,106.4,106.15,106.37,1625229,USD
06/11/2017 00:00,106.47,106.555,106.401,106.5,854320,USD
07/11/2017 00:00,106.54,106.62,106.46,106.54,734214,USD
08/11/2017 00:00,106.59,106.62,106.38,106.41,945271,USD
09/11/2017 00:00,106.27,106.46,106.23,106.37,925716,USD
10/11/2017 00:00,106,106.031,105.8,105.83,1860826,USD
13/11/2017 00:00,105.91,105.96,105.77,105.78,754170,USD
14/11/2017 00:00,105.81,106,105.79,105.93,1624809,USD
15/11/2017 00:00,106.28,106.34,106.085,106.31,1932171,USD
16/11/2017 00:00,106.14,106.2,106.02,106.04,1749220,USD
17/11/2017 00:00,106.23,106.28,106.1,106.18,941199,USD
20/11/2017 00:00,106.05,106.145,105.95,106.01,1153377,USD
21/11/2017 00:00,106.18,106.23,105.945,106.03,834451,USD
22/11/2017 00:00,106.14,106.42,106.104,106.37,1656689,USD
24/11/2017 00:00,106.27,106.34,106.235,106.28,392327,USD
27/11/2017 00:00,106.33,106.424,106.195,106.35,1525203,USD
28/11/2017 00:00,106.51,106.545,106.375,106.4,753844,USD
29/11/2017 00:00,106.02,106.08,105.88,106.03,3189270,USD
30/11/2017 00:00,105.93,106.006,105.59,105.7,3047633,USD
01/12/2017 00:00,105.7,106.34,105.5,105.93,4340856,USD
04/12/2017 00:00,105.68,105.88,105.645,105.88,2356204,USD
05/12/2017 00:00,105.71,105.99,105.7,105.96,1584921,USD
06/12/2017 00:00,106.2,106.31,106.16,106.18,1458585,USD
07/12/2017 00:00,106.2,106.265,105.863,105.99,1912160,USD
08/12/2017 00:00,105.97,106.02,105.825,105.91,2518274,USD
11/12/2017 00:00,105.96,106.018,105.81,105.84,700609,USD
12/12/2017 00:00,105.74,105.76,105.6,105.75,2553080,USD
13/12/2017 00:00,105.9,106.22,105.79,106.18,1473833,USD
14/12/2017 00:00,106,106.12,105.86,106.12,438784,USD
15/12/2017 00:00,105.98,106.165,105.92,106.12,1826667,USD
18/12/2017 00:00,106.03,106.055,105.84,105.88,1601956,USD
19/12/2017 00:00,105.62,105.63,105.253,105.4,4240835,USD
20/12/2017 00:00,105.08,105.28,105.04,105.09,3017578,USD
21/12/2017 00:00,104.94,105.01,104.885,105,2095804,USD
22/12/2017 00:00,104.99,105.04,104.95,105.04,648595,USD
27/12/2017 00:00,105.23,105.57,105.23,105.53,2290525,USD
28/12/2017 00:00,105.42,105.48,105.34,105.4,1513672,USD
29/12/2017 00:00,105.47,105.64,105.457,105.57,1849553,USD
02/01/2018 00:00,105.45,105.47,105.09,105.22,3887524,USD
03/01/2018 00:00,105.38,105.41,105.215,105.33,2135857,USD
04/01/2018 00:00,105.1,105.29,105.02,105.28,2428489,USD
05/01/2018 00:00,105.27,105.315,105.06,105.15,2162576,USD
08/01/2018 00:00,105.2,105.22,105.011,105.1,2445476,USD
09/01/2018 00:00,104.92,104.92,104.58,104.6,5900370,USD
10/01/2018 00:00,104.29,104.61,104.233,104.57,2141507,USD
11/01/2018 00:00,104.52,104.73,104.42,104.64,1775883,USD
12/01/2018 00:00,104.42,104.61,104.4,104.57,1420655,USD
16/01/2018 00:00,104.73,104.76,104.48,104.62,5926016,USD
17/01/2018 00:00,104.46,104.627,104.315,104.39,2183821,USD
18/01/2018 00:00,104.11,104.2,103.98,104.06,3326091,USD
19/01/2018 00:00,104,104,103.74,103.79,2918410,USD
22/01/2018 00:00,103.87,103.95,103.67,103.75,7040180,USD
23/01/2018 00:00,103.99,104.11,103.905,104.05,1689703,USD
24/01/2018 00:00,103.87,103.95,103.73,103.85,1955934,USD
25/01/2018 00:00,103.74,104.09,103.62,104.08,3341327,USD
26/01/2018 00:00,103.96,103.96,103.66,103.77,3324537,USD
29/01/2018 00:00,103.49,103.55,103.313,103.51,2328075,USD
30/01/2018 00:00,103.42,103.48,103.22,103.27,2346075,USD
31/01/2018 00:00,103.44,103.47,103.024,103.3,2963672,USD
01/02/2018 00:00,103.1,103.1,102.57,102.6,8785552,USD
02/02/2018 00:00,102.31,102.37,102.11,102.22,5578607,USD
05/02/2018 00:00,102.25,103.3,102.087,103.06,6899299,USD
06/02/2018 00:00,102.61,103.03,102.61,102.61,5381362,USD
07/02/2018 00:00,102.73,102.76,102.193,102.31,4759495,USD
08/02/2018 00:00,102.03,102.53,101.885,102.4,5579265,USD
09/02/2018 00:00,102.15,102.81,102.12,102.22,4368223,USD
12/02/2018 00:00,102.22,102.36,102.08,102.19,2835247,USD
13/02/2018 00:00,102.27,102.39,102.18,102.36,2488966,USD
14/02/2018 00:00,102.06,102.06,101.63,101.74,4061536,USD
15/02/2018 00:00,101.75,101.96,101.735,101.77,3056204,USD
16/02/2018 00:00,102.09,102.18,101.96,102.01,2267490,USD
20/02/2018 00:00,101.9,101.96,101.72,101.9,2137202,USD
21/02/2018 00:00,102,102,101.465,101.6,2196383,USD
22/02/2018 00:00,101.76,101.87,101.701,101.74,4411712,USD
23/02/2018 00:00,102.01,102.21,101.98,102.13,4311125,USD
26/02/2018 00:00,102.36,102.45,102.203,102.25,2121455,USD
27/02/2018 00:00,102.29,102.329,101.74,101.93,3306952,USD
28/02/2018 00:00,102.05,102.19,101.965,102.17,2514615,USD
01/03/2018 00:00,102.12,102.6,102.03,102.45,5350619,USD
02/03/2018 00:00,102.32,102.325,102.015,102.07,2135843,USD
05/03/2018 00:00,102.34,102.34,101.82,101.94,2052400,USD
06/03/2018 00:00,101.97,102.14,101.92,101.93,2316465,USD
07/03/2018 00:00,102.16,102.22,101.92,101.93,1249285,USD
08/03/2018 00:00,102.07,102.238,102.02,102.14,1632587,USD
09/03/2018 00:00,101.89,102,101.773,101.92,1593856,USD
12/03/2018 00:00,102,102.17,101.94,102.16,645632,USD
13/03/2018 00:00,102.31,102.38,102.13,102.33,539674,USD
14/03/2018 00:00,102.27,102.66,102.25,102.53,2598905,USD
15/03/2018 00:00,102.51,102.62,102.39,102.49,1968813,USD
16/03/2018 00:00,102.36,102.389,102.24,102.37,3595261,USD
19/03/2018 00:00,102.14,102.46,102.14,102.27,2824639,USD
20/03/2018 00:00,102.09,102.163,102.035,102.07,2600627,USD
21/03/2018 00:00,101.94,102.22,101.68,102.14,1410535,USD
22/03/2018 00:00,102.52,102.77,102.4,102.56,1566318,USD
23/03/2018 00:00,102.7,102.75,102.7,102.7,2491626,USD
26/03/2018 00:00,102.52,102.65,102.39,102.42,4180572,USD
27/03/2018 00:00,102.53,103.047,102.52,103,3490841,USD
28/03/2018 00:00,103.22,103.255,102.885,102.98,2761808,USD
29/03/2018 00:00,103.01,103.31,103.01,103.19,2572065,USD
02/04/2018 00:00,102.94,103.34,102.89,103.12,2744444,USD
03/04/2018 00:00,102.96,103,102.75,102.79,3909724,USD
04/04/2018 00:00,103,103,102.68,102.73,2214867,USD
05/04/2018 00:00,102.57,102.6,102.435,102.47,1781154,USD
06/04/2018 00:00,102.92,102.96,102.66,102.92,2642826,USD
09/04/2018 00:00,102.74,102.94,102.65,102.94,2070224,USD
10/04/2018 00:00,102.82,102.865,102.684,102.76,1622220,USD
11/04/2018 00:00,102.96,103,102.76,102.86,2520453,USD
12/04/2018 00:00,102.72,102.73,102.46,102.49,2186486,USD
13/04/2018 00:00,102.4,102.63,102.4,102.58,2935088,USD
16/04/2018 00:00,102.33,102.545,102.313,102.53,1632658,USD
17/04/2018 00:00,102.48,102.657,102.435,102.59,1284168,USD
18/04/2018 00:00,102.48,102.5,102.19,102.19,2127523,USD
19/04/2018 00:00,101.95,102.02,101.79,101.91,3172785,USD
20/04/2018 00:00,101.78,101.84,101.57,101.57,2298613,USD
23/04/2018 00:00,101.48,101.53,101.34,101.47,5013276,USD
24/04/2018 00:00,101.33,101.45,101.26,101.35,3177012,USD
25/04/2018 00:00,101.19,101.25,101.06,101.13,3295280,USD
26/04/2018 00:00,101.37,101.46,101.311,101.42,1988188,USD
27/04/2018 00:00,101.51,101.65,101.51,101.59,2408579,USD
30/04/2018 00:00,101.64,101.81,101.64,101.7,3476873,USD
01/05/2018 00:00,101.5,101.5,101.305,101.35,1857563,USD
02/05/2018 00:00,101.39,101.51,101.3,101.37,3835500,USD
03/05/2018 00:00,101.58,101.769,101.56,101.63,6026922,USD
04/05/2018 00:00,101.75,101.79,101.49,101.64,2370483,USD
07/05/2018 00:00,101.63,101.66,101.535,101.59,1854923,USD
08/05/2018 00:00,101.43,101.52,101.32,101.42,1649108,USD
09/05/2018 00:00,101.19,101.3,101.16,101.19,2837741,USD
10/05/2018 00:00,101.43,101.473,101.303,101.4,4183044,USD
11/05/2018 00:00,101.41,101.41,101.305,101.41,2545443,USD
14/05/2018 00:00,101.25,101.28,101.18,101.19,4726755,USD
15/05/2018 00:00,100.8,100.8,100.49,100.63,6549553,USD
16/05/2018 00:00,100.67,100.695,100.42,100.42,4746149,USD
17/05/2018 00:00,100.46,100.52,100.33,100.36,1696992,USD
18/05/2018 00:00,100.57,100.81,100.56,100.75,2637194,USD
21/05/2018 00:00,100.7,100.83,100.64,100.82,2792083,USD
22/05/2018 00:00,100.82,100.83,100.69,100.78,1958191,USD
23/05/2018 00:00,101.09,101.3,101.07,101.24,4875486,USD
24/05/2018 00:00,101.5,101.64,101.425,101.5,2493580,USD
25/05/2018 00:00,101.81,101.91,101.76,101.9,2837281,USD
29/05/2018 00:00,102.35,103.2,102.245,103,10717963,USD
30/05/2018 00:00,102.57,102.72,102.38,102.56,4101239,USD
31/05/2018 00:00,102.57,102.74,102.34,102.51,5311889,USD
01/06/2018 00:00,101.85,102.09,101.785,101.93,7891031,USD
04/06/2018 00:00,101.83,101.83,101.57,101.57,3129603,USD
05/06/2018 00:00,101.84,101.97,101.72,101.83,4305459,USD
06/06/2018 00:00,101.56,101.58,101.36,101.42,3910294,USD
07/06/2018 00:00,101.42,102.13,101.42,101.85,4400363,USD
08/06/2018 00:00,101.74,101.86,101.675,101.71,7336215,USD
11/06/2018 00:00,101.53,101.64,101.506,101.61,1845805,USD
12/06/2018 00:00,101.47,101.6,101.47,101.55,1635225,USD
13/06/2018 00:00,101.58,101.65,101.16,101.43,3289264,USD
14/06/2018 00:00,101.62,101.76,101.54,101.75,1818258,USD
15/06/2018 00:00,101.97,102.1,101.8,101.83,5713495,USD
18/06/2018 00:00,101.96,101.98,101.798,101.88,4600086,USD
19/06/2018 00:00,102.18,102.275,102.085,102.145,4155079,USD
20/06/2018 00:00,102.11,102.13,101.815,101.82,3031108,USD
21/06/2018 00:00,101.98,102.17,101.98,102.09,2680366,USD
22/06/2018 00:00,101.96,102.15,101.95,102.11,2309110,USD
25/06/2018 00:00,102.22,102.4,102.21,102.25,8110750,USD
26/06/2018 00:00,102.27,102.36,102.205,102.3,3869946,USD
27/06/2018 00:00,102.56,102.727,102.48,102.69,3019411,USD
28/06/2018 00:00,102.68,102.71,102.51,102.59,3604716,USD
29/06/2018 00:00,102.58,102.68,102.5,102.51,2720528,USD
02/07/2018 00:00,102.42,102.45,102.22,102.25,3908534,USD
03/07/2018 00:00,102.28,102.51,102.28,102.51,896598,USD
05/07/2018 00:00,102.48,102.64,102.46,102.52,1682330,USD
06/07/2018 00:00,102.64,102.71,102.525,102.61,3206361,USD
09/07/2018 00:00,102.39,102.44,102.325,102.35,2191146,USD
10/07/2018 00:00,102.24,102.355,102.22,102.27,4064502,USD
11/07/2018 00:00,102.46,102.51,102.32,102.48,2194825,USD
12/07/2018 00:00,102.35,102.48,102.33,102.44,1385326,USD
13/07/2018 00:00,102.55,102.64,102.481,102.61,2891347,USD
16/07/2018 00:00,102.39,102.48,102.255,102.44,1153193,USD
17/07/2018 00:00,102.5,102.5,102.35,102.38,950367,USD
18/07/2018 00:00,102.43,102.446,102.27,102.3,1355277,USD
19/07/2018 00:00,102.37,102.66,102.37,102.58,4179218,USD
20/07/2018 00:00,102.46,102.46,102.18,102.22,2268947,USD
23/07/2018 00:00,102.1,102.11,101.7,101.72,4985188,USD
24/07/2018 00:00,101.7,101.837,101.63,101.79,3288631,USD
25/07/2018 00:00,101.91,101.98,101.66,101.72,2403833,USD
26/07/2018 00:00,101.82,101.87,101.59,101.61,1314612,USD
27/07/2018 00:00,101.84,101.84,101.677,101.77,1248532,USD
30/07/2018 00:00,101.57,101.756,101.56,101.64,2428816,USD
31/07/2018 00:00,101.78,101.829,101.71,101.78,3049481,USD
01/08/2018 00:00,101.26,101.41,101.19,101.34,5355793,USD
02/08/2018 00:00,101.41,101.48,101.32,101.46,3322251,USD
03/08/2018 00:00,101.55,101.745,101.53,101.72,2167211,USD
06/08/2018 00:00,101.79,101.95,101.76,101.77,3865809,USD
07/08/2018 00:00,101.71,101.71,101.542,101.56,1974672,USD
08/08/2018 00:00,101.59,101.71,101.58,101.65,2775638,USD
09/08/2018 00:00,101.81,101.93,101.79,101.93,4308879,USD
10/08/2018 00:00,102.2,102.496,102.17,102.37,3254582,USD
13/08/2018 00:00,102.31,102.45,102.23,102.34,1764670,USD
14/08/2018 00:00,102.32,102.33,102.19,102.24,2474147,USD
15/08/2018 00:00,102.46,102.68,102.434,102.49,3810661,USD
16/08/2018 00:00,102.51,102.52,102.28,102.46,2593093,USD
17/08/2018 00:00,102.55,102.639,102.4,102.5,3042428,USD
20/08/2018 00:00,102.7,102.859,102.68,102.82,2885704,USD
21/08/2018 00:00,102.73,102.73,102.61,102.68,2515758,USD
22/08/2018 00:00,102.96,102.96,102.774,102.87,2389953,USD
23/08/2018 00:00,102.91,102.945,102.83,102.86,382609,USD
24/08/2018 00:00,102.68,102.91,102.645,102.89,1272500,USD
27/08/2018 00:00,102.75,102.775,102.655,102.66,1851016,USD
28/08/2018 00:00,102.43,102.52,102.385,102.43,1506268,USD
29/08/2018 00:00,102.46,102.465,102.295,102.4,1416243,USD
30/08/2018 00:00,102.54,102.677,102.505,102.59,2779699,USD
31/08/2018 00:00,102.82,102.83,102.6,102.61,2130481,USD
04/09/2018 00:00,102.26,102.32,102.115,102.17,3415323,USD
05/09/2018 00:00,102.15,102.23,102.045,102.16,1330911,USD
06/09/2018 00:00,102.22,102.449,102.21,102.37,1646515,USD
07/09/2018 00:00,102.01,102.02,101.87,101.91,4403178,USD
10/09/2018 00:00,101.89,102.01,101.89,101.97,3110788,USD
11/09/2018 00:00,101.77,101.8,101.6,101.6,3352812,USD
12/09/2018 00:00,101.76,101.81,101.72,101.72,1391448,USD
13/09/2018 00:00,101.86,101.86,101.69,101.71,1269852,USD
14/09/2018 00:00,101.51,101.62,101.46,101.52,3462383,USD
17/09/2018 00:00,101.54,101.578,101.38,101.54,3375991,USD
18/09/2018 00:00,101.41,101.42,101.09,101.12,4860458,USD
19/09/2018 00:00,101.06,101.065,100.8,100.945,4995065,USD
20/09/2018 00:00,100.83,101.06,100.8,100.96,2969497,USD
21/09/2018 00:00,100.9,101.06,100.9,101,1024052,USD
24/09/2018 00:00,100.85,101.01,100.85,100.89,2384928,USD
25/09/2018 00:00,100.77,100.81,100.68,100.79,2878287,USD
26/09/2018 00:00,100.89,101.135,100.84,101.12,2502897,USD
27/09/2018 00:00,101.05,101.15,100.99,101.12,6340899,USD
28/09/2018 00:00,101.29,101.295,101.13,101.17,3930217,USD
01/10/2018 00:00,100.83,100.89,100.71,100.71,5362255,USD
02/10/2018 00:00,100.86,101.04,100.86,100.97,2888972,USD
03/10/2018 00:00,100.78,100.79,100.09,100.22,6300782,USD
04/10/2018 00:00,99.98,100.13,99.88,99.96,6383310,USD
05/10/2018 00:00,99.82,99.904,99.605,99.72,2675851,USD
08/10/2018 00:00,99.82,99.86,99.74,99.76,1947682,USD
09/10/2018 00:00,99.79,99.95,99.76,99.95,3037224,USD
10/10/2018 00:00,99.71,100.025,99.665,100,2986637,USD
11/10/2018 00:00,100.22,100.55,100.093,100.41,5811840,USD
12/10/2018 00:00,100.29,100.53,100.24,100.29,2638453,USD
15/10/2018 00:00,100.39,100.43,100.26,100.35,1857959,USD
16/10/2018 00:00,100.27,100.35,100.2,100.34,2697572,USD
17/10/2018 00:00,100.32,100.42,100.05,100.05,3058694,USD
18/10/2018 00:00,100,100.4,99.95,100.23,1171835,USD
19/10/2018 00:00,100.22,100.24,100.035,100.11,4319943,USD
22/10/2018 00:00,100.22,100.26,100.12,100.13,890125,USD
23/10/2018 00:00,100.65,100.79,100.345,100.37,2672920,USD
24/10/2018 00:00,100.67,100.955,100.6,100.93,4873833,USD
25/10/2018 00:00,100.75,100.82,100.6,100.69,3555983,USD
26/10/2018 00:00,101.07,101.3,101.04,101.14,4217246,USD
29/10/2018 00:00,101.01,101.24,100.85,101.13,3766671,USD
30/10/2018 00:00,100.94,101.06,100.87,100.91,5746585,USD
31/10/2018 00:00,100.61,100.74,100.55,100.66,1270179,USD
01/11/2018 00:00,100.36,100.57,100.33,100.53,2948030,USD
02/11/2018 00:00,100.29,100.32,99.932,99.97,5250949,USD
05/11/2018 00:00,100.16,100.197,100.03,100.03,2044352,USD
06/11/2018 00:00,100.09,100.1,99.91,99.92,1413701,USD
07/11/2018 00:00,100.09,100.168,99.905,99.92,3295770,USD
08/11/2018 00:00,100,100.01,99.75,99.78,2186786,USD
09/11/2018 00:00,100.17,100.22,99.915,100.17,2771242,USD
12/11/2018 00:00,100.47,100.51,100.375,100.47,3688152,USD
13/11/2018 00:00,100.42,100.575,100.345,100.55,3264844,USD
14/11/2018 00:00,100.43,100.96,100.39,100.76,4624941,USD
15/11/2018 00:00,101.01,101.06,100.71,100.83,2620688,USD
16/11/2018 00:00,101.06,101.18,100.98,101.14,7037082,USD
19/11/2018 00:00,101.06,101.32,101.06,101.29,3413548,USD
20/11/2018 00:00,101.32,101.42,101.23,101.27,3637322,USD
21/11/2018 00:00,101.18,101.25,101.073,101.25,1896265,USD
23/11/2018 00:00,101.46,101.465,101.31,101.31,291043,USD
26/11/2018 00:00,101.19,101.23,101.125,101.23,2280935,USD
27/11/2018 00:00,101.2,101.4,101.185,101.33,2133664,USD
28/11/2018 00:00,101.25,101.455,101.17,101.32,3445409,USD
29/11/2018 00:00,101.59,101.73,101.46,101.58,4144312,USD
30/11/2018 00:00,101.73,101.82,101.66,101.78,3058585,USD
03/12/2018 00:00,101.79,101.79,101.405,101.79,6003789,USD
04/12/2018 00:00,102.26,102.455,101.94,102.26,7498369,USD
06/12/2018 00:00,102.51,102.965,102.5,102.51,9306638,USD
07/12/2018 00:00,102.49,102.855,102.366,102.814,7251724,USD
10/12/2018 00:00,102.84,103.037,102.71,102.88,8974564,USD
11/12/2018 00:00,102.64,102.85,102.5,102.62,3058067,USD
12/12/2018 00:00,102.45,102.5,102.31,102.34,3726907,USD
13/12/2018 00:00,102.46,102.498,102.335,102.4,4090044,USD
14/12/2018 00:00,102.58,102.715,102.515,102.56,3528474,USD
17/12/2018 00:00,102.66,102.93,102.66,102.86,7625849,USD
18/12/2018 00:00,102.75,102.95,102.68,102.9,3951856,USD
19/12/2018 00:00,103.01,103.48,102.78,103.24,4453522,USD
20/12/2018 00:00,103.45,103.465,103.09,103.13,7343711,USD
21/12/2018 00:00,103.2,103.225,103.055,103.22,4918359,USD
24/12/2018 00:00,103.38,103.48,103.263,103.48,1566948,USD
26/12/2018 00:00,102.99,103.62,102.95,102.99,5298685,USD
27/12/2018 00:00,103.43,103.63,103.23,103.25,4096888,USD
28/12/2018 00:00,103.42,103.82,103.39,103.81,4537560,USD
31/12/2018 00:00,104.2,104.66,103.63,104.2,7020666,USD
02/01/2019 00:00,104.31,104.43,104.185,104.42,18550335,USD
03/01/2019 00:00,104.47,105.315,104.44,105.25,10090309,USD
04/01/2019 00:00,104.55,104.585,104.27,104.4,6607533,USD
07/01/2019 00:00,104.52,104.56,104.07,104.11,5430786,USD
08/01/2019 00:00,104,104.09,103.85,103.85,6877335,USD
09/01/2019 00:00,103.84,103.99,103.773,103.91,3239370,USD
10/01/2019 00:00,104.07,104.135,103.79,103.86,14062836,USD
11/01/2019 00:00,104.14,104.26,104.07,104.17,3819023,USD
14/01/2019 00:00,104.21,104.27,104.05,104.11,3089660,USD
15/01/2019 00:00,104.29,104.29,103.971,104.015,1975875,USD
16/01/2019 00:00,103.89,104,103.807,103.95,4212796,USD
17/01/2019 00:00,103.9,103.95,103.675,103.76,5305095,USD
18/01/2019 00:00,103.61,103.72,103.35,103.43,6409361,USD
22/01/2019 00:00,103.72,103.91,103.672,103.79,5463945,USD
23/01/2019 00:00,103.61,103.85,103.575,103.74,3260987,USD
24/01/2019 00:00,104.06,104.178,103.975,104.07,5232289,USD
25/01/2019 00:00,103.89,103.94,103.73,103.83,2760669,USD
28/01/2019 00:00,103.79,103.98,103.79,103.86,3108490,USD
29/01/2019 00:00,103.93,104.16,103.93,104.16,2835412,USD
30/01/2019 00:00,104.4,104.43,103.96,104.4,5781748,USD
31/01/2019 00:00,104.88,104.93,104.61,104.88,8705487,USD
01/02/2019 00:00,104.47,104.49,104.09,104.1,9185209,USD
04/02/2019 00:00,103.87,103.87,103.81,103.87,7282025,USD
05/02/2019 00:00,104,104.178,103.99,104.05,2721473,USD
06/02/2019 00:00,104.28,104.285,104.07,104.13,3489763,USD
07/02/2019 00:00,104.42,104.55,104.348,104.47,4701708,USD
08/02/2019 00:00,104.61,104.728,104.59,104.61,2601596,USD
11/02/2019 00:00,104.45,104.54,104.37,104.45,2562485,USD
12/02/2019 00:00,104.38,104.39,104.215,104.31,3304425,USD
13/02/2019 00:00,104.07,104.17,104,104.05,3770216,USD
14/02/2019 00:00,104.61,104.61,104.41,104.54,8567344,USD
15/02/2019 00:00,104.35,104.465,104.35,104.44,3084467,USD
19/02/2019 00:00,104.62,104.695,104.55,104.62,8555875,USD
20/02/2019 00:00,104.62,104.69,104.52,104.6,4751097,USD
21/02/2019 00:00,104.3,104.34,104.22,104.29,3905606,USD
22/02/2019 00:00,104.5,104.715,104.465,104.6,3349012,USD
25/02/2019 00:00,104.43,104.5,104.36,104.44,2835295,USD
26/02/2019 00:00,104.75,104.788,104.601,104.75,2644949,USD
27/02/2019 00:00,104.58,104.58,104.3,104.38,2527279,USD
28/02/2019 00:00,104.34,104.35,104.06,104.11,4810796,USD
01/03/2019 00:00,103.57,103.85,103.57,103.57,8986327,USD
04/03/2019 00:00,103.73,103.949,103.66,103.89,3506403,USD
05/03/2019 00:00,103.77,103.96,103.7,103.95,2112164,USD
06/03/2019 00:00,103.99,104.285,103.99,104.24,2397452,USD
07/03/2019 00:00,104.44,104.67,104.43,104.59,2725208,USD
08/03/2019 00:00,104.69,104.83,104.58,104.74,5211862,USD
11/03/2019 00:00,104.72,104.73,104.565,104.66,4644063,USD
12/03/2019 00:00,104.74,104.995,104.71,104.95,4942686,USD
13/03/2019 00:00,104.84,104.94,104.8,104.91,486278,USD
14/03/2019 00:00,104.86,104.905,104.655,104.76,2503545,USD
15/03/2019 00:00,105.07,105.17,104.97,105.09,3762136,USD
18/03/2019 00:00,104.99,105.08,104.94,104.95,1181680,USD
19/03/2019 00:00,104.79,104.99,104.75,104.88,2138001,USD
20/03/2019 00:00,105.03,105.635,105.01,105.6,4891135,USD
21/03/2019 00:00,105.56,105.75,105.482,105.56,4632229,USD
22/03/2019 00:00,106.08,106.51,106.04,106.34,2267984,USD
25/03/2019 00:00,106.34,106.85,106.25,106.61,989921,USD
26/03/2019 00:00,106.39,106.68,106.343,106.52,998159,USD
27/03/2019 00:00,106.81,107.08,106.755,106.83,1710089,USD
28/03/2019 00:00,106.8,106.907,106.66,106.84,1057124,USD
29/03/2019 00:00,106.47,106.68,106.435,106.67,2668914,USD
01/04/2019 00:00,105.72,106.125,105.68,105.72,9430083,USD
02/04/2019 00:00,105.82,105.92,105.761,105.9,6819104,USD
03/04/2019 00:00,105.57,105.685,105.526,105.57,5203820,USD
04/04/2019 00:00,105.62,105.72,105.55,105.68,2293658,USD
05/04/2019 00:00,105.61,105.795,105.59,105.73,1748465,USD
08/04/2019 00:00,105.71,105.75,105.555,105.56,3590879,USD
09/04/2019 00:00,105.82,105.88,105.72,105.75,2935083,USD
10/04/2019 00:00,105.92,106.068,105.905,106,2059765,USD
11/04/2019 00:00,105.83,105.86,105.72,105.76,1547034,USD
12/04/2019 00:00,105.39,105.45,105.27,105.27,5687618,USD
15/04/2019 00:00,105.29,105.42,105.29,105.41,2410732,USD
16/04/2019 00:00,105.19,105.245,105.03,105.05,4998644,USD
17/04/2019 00:00,105,105.175,105,105.07,0,USD
18/04/2019 00:00,105.33,105.45,105.29,105.32,0,USD
22/04/2019 00:00,105.25,105.27,105.12,105.17,0,USD
23/04/2019 00:00,105.31,105.39,105.283,105.36,0,USD
24/04/2019 00:00,105.66,105.77,105.64,105.76,0,USD
25/04/2019 00:00,105.63,105.79,105.59,105.63,0,USD
26/04/2019 00:00,105.97,105.99,105.85,105.91,0,USD
29/04/2019 00:00,105.69,105.77,105.61,105.69,0,USD
30/04/2019 00:00,105.63,105.93,105.615,105.9,0,USD
01/05/2019 00:00,105.7,106.11,105.55,105.64,0,USD
02/05/2019 00:00,105.53,105.57,105.27,105.34,0,USD
03/05/2019 00:00,105.46,105.62,105.435,105.48,0,USD
06/05/2019 00:00,105.75,105.915,105.733,105.75,0,USD
07/05/2019 00:00,106.01,106.19,105.96,106.11,0,USD
08/05/2019 00:00,106.21,106.25,105.861,105.91,0,USD
09/05/2019 00:00,106.3,106.425,106.05,106.19,0,USD
10/05/2019 00:00,106.24,106.418,106.053,106.12,0,USD
13/05/2019 00:00,106.57,106.735,106.525,106.65,0,USD
14/05/2019 00:00,106.57,106.615,106.445,106.55,0,USD
15/05/2019 00:00,106.94,106.97,106.743,106.89,0,USD
16/05/2019 00:00,106.68,106.715,106.552,106.68,0,USD
17/05/2019 00:00,106.91,106.91,106.615,106.73,0,USD
20/05/2019 00:00,106.74,106.83,106.53,106.55,0,USD
21/05/2019 00:00,106.43,106.51,106.34,106.43,0,USD
22/05/2019 00:00,106.6,106.8,106.578,106.75,0,USD
23/05/2019 00:00,107.01,107.56,224.83,107.4,0,USD
24/05/2019 00:00,107.33,107.36,107.23,107.35,0,USD
28/05/2019 00:00,107.84,107.84,107.532,107.84,0,USD
29/05/2019 00:00,108.09,108.235,107.78,107.8,0,USD
30/05/2019 00:00,107.86,108.24,107.72,108.19,0,USD
31/05/2019 00:00,108.56,108.95,108.49,108.91,0,USD
03/06/2019 00:00,108.9,109.335,108.765,109.22,0,USD
04/06/2019 00:00,108.78,108.985,108.595,108.82,0,USD
05/06/2019 00:00,108.96,109.12,108.765,108.82,95638,USD
06/06/2019 00:00,108.91,109.1,108.725,108.8,0,USD
07/06/2019 00:00,109.4,109.42,109.14,109.23,0,USD
10/06/2019 00:00,108.86,108.88,108.675,108.685,0,USD
11/06/2019 00:00,108.63,108.768,108.575,108.685,0,USD
12/06/2019 00:00,108.77,108.99,108.765,108.97,963566,USD
13/06/2019 00:00,109.07,109.328,109.045,109.24,0,USD
14/06/2019 00:00,109.16,109.377,109.15,109.32,0,USD
17/06/2019 00:00,109.3,109.38,109.173,109.3,0,USD
18/06/2019 00:00,109.75,109.77,109.408,109.51,0,USD
19/06/2019 00:00,109.29,109.9,109.205,109.81,0,USD
20/06/2019 00:00,110.04,110.275,109.965,109.99,0,USD
21/06/2019 00:00,109.73,109.765,109.45,109.54,0,USD
24/06/2019 00:00,109.74,109.937,109.71,109.92,0,USD
25/06/2019 00:00,110.03,110.225,109.945,110.09,0,USD
26/06/2019 00:00,109.94,109.94,109.602,109.64,0,USD
27/06/2019 00:00,109.77,110.03,109.68,109.97,0,USD
28/06/2019 00:00,109.87,110.1,109.81,110.03,0,USD
01/07/2019 00:00,109.81,109.87,109.5,109.69,0,USD
02/07/2019 00:00,109.82,110.14,109.79,110.08,0,USD
03/07/2019 00:00,110.21,110.4,110.2,110.29,1494341,USD
05/07/2019 00:00,109.65,109.65,109.342,109.59,0,USD
08/07/2019 00:00,109.75,109.81,109.48,109.48,0,USD
09/07/2019 00:00,109.49,109.5,109.34,109.41,0,USD
10/07/2019 00:00,109.51,109.62,109.34,109.47,2973317,USD
11/07/2019 00:00,109.33,109.398,108.885,108.93,0,USD
12/07/2019 00:00,108.92,109.165,108.89,109.05,0,USD
15/07/2019 00:00,109.14,109.28,109.073,109.28,0,USD
16/07/2019 00:00,108.93,109.08,108.83,109.04,0,USD
17/07/2019 00:00,109.23,109.56,109.22,109.55,0,USD
18/07/2019 00:00,109.43,109.885,109.4,109.82,0,USD
19/07/2019 00:00,109.62,109.73,109.51,109.62,0,USD
22/07/2019 00:00,109.79,109.79,109.63,109.67,0,USD
23/07/2019 00:00,109.49,109.66,109.425,109.49,0,USD
24/07/2019 00:00,109.64,109.747,109.565,109.65,424882,USD
25/07/2019 00:00,109.52,109.53,109.23,109.46,1585444,USD
26/07/2019 00:00,109.44,109.508,109.325,109.44,0,USD
29/07/2019 00:00,109.62,109.66,109.52,109.54,0,USD
30/07/2019 00:00,109.63,109.67,109.445,109.59,0,USD
31/07/2019 00:00,109.56,109.99,109.39,109.87,0,USD
01/08/2019 00:00,109.83,110.92,109.795,110.92,0,USD
02/08/2019 00:00,110.94,111.2,110.84,111.15,0,USD
05/08/2019 00:00,111.82,112.197,111.765,112.11,0,USD
06/08/2019 00:00,111.89,112.3,111.785,112.29,0,USD
07/08/2019 00:00,112.29,113.27,112.17,112.29,0,USD
08/08/2019 00:00,111.99,112.408,111.66,112.3,733817,USD
09/08/2019 00:00,112.38,112.6,112.06,112.13,0,USD
12/08/2019 00:00,112.84,112.975,112.51,112.84,0,USD
13/08/2019 00:00,112.44,112.88,112.145,112.44,0,USD
14/08/2019 00:00,113.09,113.29,113,113.19,0,USD
15/08/2019 00:00,113.91,114.17,113.282,113.91,0,USD
16/08/2019 00:00,113.51,113.67,113.17,113.61,0,USD
19/08/2019 00:00,113.04,113.257,113.015,113.07,0,USD
20/08/2019 00:00,113.52,113.657,113.455,113.57,0,USD
21/08/2019 00:00,113.27,113.57,113.21,113.27,0,USD
22/08/2019 00:00,113.06,113.36,112.995,113.02,2932322,USD
23/08/2019 00:00,113.13,113.94,113.01,113.78,0,USD
26/08/2019 00:00,113.74,113.93,113.58,113.67,0,USD
27/08/2019 00:00,113.81,114.19,113.81,114.16,0,USD
28/08/2019 00:00,114.35,114.39,114.12,114.2,0,USD
29/08/2019 00:00,114.1,114.1,113.695,113.98,0,USD
30/08/2019 00:00,113.78,114.05,113.74,114.01,0,USD
03/09/2019 00:00,113.88,114.43,113.7,114.07,0,USD
04/09/2019 00:00,113.96,114.3,113.945,114.25,0,USD
05/09/2019 00:00,113.61,113.62,113.08,113.33,0,USD
06/09/2019 00:00,113.34,113.53,113.265,113.4,0,USD
09/09/2019 00:00,112.7,112.94,112.69,112.7,0,USD
10/09/2019 00:00,112.53,112.625,111.88,111.88,0,USD
11/09/2019 00:00,111.79,111.97,111.77,111.77,0,USD
12/09/2019 00:00,112.1,112.16,111.35,111.52,0,USD
13/09/2019 00:00,111.1,111.21,110.5,110.5,0,USD
16/09/2019 00:00,110.88,111.1,110.75,110.98,0,USD
17/09/2019 00:00,111.27,111.38,110.94,111.27,0,USD
18/09/2019 00:00,111.57,111.795,111.2,111.31,0,USD
19/09/2019 00:00,111.58,111.58,111.32,111.36,0,USD
20/09/2019 00:00,112,112.02,111.48,112,9914941,USD
23/09/2019 00:00,112.14,112.48,112.055,112.16,13163911,USD
24/09/2019 00:00,112.22,112.815,112.215,112.72,10104087,USD
25/09/2019 00:00,112.59,112.68,111.91,111.98,8430897,USD
26/09/2019 00:00,112.25,112.43,112.155,112.22,4227053,USD
27/09/2019 00:00,112.23,112.49,112.19,112.38,4544039,USD
30/09/2019 00:00,112.21,112.51,112.174,112.47,2797825,USD
01/10/2019 00:00,111.85,112.86,111.81,112.61,8552206,USD
02/10/2019 00:00,112.75,113.18,112.71,113,3903328,USD
03/10/2019 00:00,113.16,113.88,113.14,113.59,6120515,USD
04/10/2019 00:00,113.58,113.882,113.51,113.81,4707006,USD
07/10/2019 00:00,113.56,113.68,113.4,113.43,3183986,USD
08/10/2019 00:00,113.67,113.865,113.48,113.67,4302388,USD
09/10/2019 00:00,113.53,113.55,113.2,113.38,3334956,USD
10/10/2019 00:00,112.67,113.08,112.56,112.67,3924427,USD
11/10/2019 00:00,112.11,112.18,111.725,111.9,8681646,USD
14/10/2019 00:00,112.23,112.286,112.16,112.21,1932140,USD
15/10/2019 00:00,112.16,112.24,111.64,111.67,6630025,USD
16/10/2019 00:00,111.84,112.013,111.75,111.89,2680364,USD
17/10/2019 00:00,111.8,112.085,111.72,111.85,3165695,USD
18/10/2019 00:00,111.92,112.115,111.87,111.95,2404291,USD
21/10/2019 00:00,111.67,111.785,111.505,111.54,1734956,USD
22/10/2019 00:00,111.81,111.84,111.5,111.8,1779781,USD
23/10/2019 00:00,112.02,112.066,111.785,111.84,3301739,USD
24/10/2019 00:00,111.89,112.07,111.78,111.82,2645356,USD
25/10/2019 00:00,111.9,111.92,111.421,111.58,2380070,USD
28/10/2019 00:00,111.19,111.215,111.05,111.16,5837655,USD
29/10/2019 00:00,111.31,111.35,111.15,111.26,2199644,USD
30/10/2019 00:00,111.35,111.8,111.31,111.8,5280797,USD
31/10/2019 00:00,112.11,112.58,112.07,112.51,5541725,USD
01/11/2019 00:00,112.18,112.42,111.875,112.13,8149409,USD
04/11/2019 00:00,111.63,111.69,111.5,111.56,4144700,USD
05/11/2019 00:00,111.13,111.17,110.845,110.96,6810966,USD
06/11/2019 00:00,111.19,111.38,110.98,111.28,4129788,USD
07/11/2019 00:00,110.71,110.71,109.98,110.39,5889604,USD
08/11/2019 00:00,110.29,110.64,110.235,110.24,3036806,USD
11/11/2019 00:00,110.49,110.52,110.245,110.36,1563013,USD
12/11/2019 00:00,110.35,110.502,110.18,110.41,4446249,USD
13/11/2019 00:00,110.82,110.86,110.633,110.7,1360852,USD
14/11/2019 00:00,111.27,111.4,111.15,111.27,3185141,USD
15/11/2019 00:00,111.09,111.29,111.09,111.18,2104118,USD
18/11/2019 00:00,111.35,111.49,111.33,111.37,1893563,USD
19/11/2019 00:00,111.39,111.62,111.39,111.58,8306266,USD
20/11/2019 00:00,111.8,112.02,111.715,111.99,3837887,USD
21/11/2019 00:00,111.72,111.825,111.57,111.71,3032639,USD
22/11/2019 00:00,111.77,111.805,111.605,111.69,1876824,USD
25/11/2019 00:00,111.74,111.78,111.675,111.74,3567926,USD
26/11/2019 00:00,111.91,111.99,111.85,111.95,3578750,USD
27/11/2019 00:00,111.72,111.77,111.605,111.66,2334424,USD
29/11/2019 00:00,111.61,111.63,111.44,111.66,1798695,USD
02/12/2019 00:00,110.87,111.12,110.815,111.01,6825852,USD
03/12/2019 00:00,111.6,112.17,111.57,112,6561894,USD
04/12/2019 00:00,111.77,111.84,111.385,111.57,2072126,USD
05/12/2019 00:00,111.16,111.42,111.136,111.31,3053624,USD
06/12/2019 00:00,110.88,111.18,110.827,110.97,2716570,USD
09/12/2019 00:00,111.21,111.215,111.04,111.06,1928283,USD
10/12/2019 00:00,111.15,111.19,110.91,110.93,1698326,USD
11/12/2019 00:00,111.1,111.467,111.08,111.39,2462555,USD
12/12/2019 00:00,111.28,111.3,110.315,110.51,5487784,USD
13/12/2019 00:00,110.81,111.22,110.48,111.16,4161997,USD
16/12/2019 00:00,110.88,110.884,110.57,110.64,3024122,USD
17/12/2019 00:00,110.77,110.825,110.58,110.65,3471397,USD
18/12/2019 00:00,110.35,110.6,110.23,110.35,2247280,USD
19/12/2019 00:00,110.12,110.42,110.08,110.28,1962453,USD
20/12/2019 00:00,110.11,110.3,110.083,110.28,4654816,USD
23/12/2019 00:00,110.31,110.375,110.09,110.18,1809415,USD
24/12/2019 00:00,110.04,110.41,110.035,110.37,857562,USD
26/12/2019 00:00,110.41,110.53,110.27,110.53,1284858,USD
27/12/2019 00:00,110.62,110.73,110.62,110.69,1771061,USD
30/12/2019 00:00,110.31,110.62,110.235,110.62,2034921,USD
31/12/2019 00:00,110.22,110.49,110.22,110.22,2778545,USD
02/01/2020 00:00,110.73,110.95,110.63,110.73,4021679,USD
03/01/2020 00:00,111.15,111.49,111.05,111.47,3839603,USD
06/01/2020 00:00,111.66,111.67,111.26,111.35,2714330,USD
07/01/2020 00:00,111.33,111.43,111.19,111.19,2037710,USD
08/01/2020 00:00,110.93,111.415,110.79,110.93,4817519,USD
09/01/2020 00:00,110.68,111.04,110.63,111.01,3680578,USD
10/01/2020 00:00,111.25,111.315,111.25,111.25,2579626,USD
13/01/2020 00:00,111.11,111.14,110.985,111.12,2669296,USD
14/01/2020 00:00,111.18,111.355,111.16,111.34,2376261,USD
15/01/2020 00:00,111.55,111.62,111.425,111.62,2734736,USD
16/01/2020 00:00,111.45,111.51,111.3,111.39,2197644,USD
17/01/2020 00:00,111.13,111.3,111.094,111.3,2076259,USD
21/01/2020 00:00,111.55,111.78,111.535,111.74,2355376,USD
22/01/2020 00:00,111.76,111.82,111.68,111.76,1787177,USD
23/01/2020 00:00,112.03,112.24,111.985,112.04,1890655,USD
24/01/2020 00:00,112.18,112.61,112.155,112.44,7927855,USD
27/01/2020 00:00,113.19,113.205,113.025,113.2,3815480,USD
28/01/2020 00:00,113.09,113.115,112.78,112.82,1921711,USD
29/01/2020 00:00,112.98,113.41,112.97,113.36,2429442,USD
30/01/2020 00:00,113.55,113.83,113.395,113.47,4404506,USD
31/01/2020 00:00,113.7,114.12,113.69,114.04,8744257,USD
03/02/2020 00:00,113.61,113.835,113.325,113.79,5718011,USD
04/02/2020 00:00,113.24,113.25,112.96,113.13,2566011,USD
05/02/2020 00:00,112.7,112.869,112.62,112.64,9027547,USD
06/02/2020 00:00,112.61,112.8,112.555,112.72,1697075,USD
07/02/2020 00:00,113.18,113.36,113.09,113.26,6169721,USD
10/02/2020 00:00,113.5,113.615,113.37,113.48,1905090,USD
11/02/2020 00:00,113.33,113.37,113.143,113.21,1645698,USD
12/02/2020 00:00,112.97,112.993,112.835,112.92,1468953,USD
13/02/2020 00:00,112.98,113.14,112.94,113.02,1832753,USD
14/02/2020 00:00,113.27,113.37,113.205,113.3,2042558,USD
18/02/2020 00:00,113.45,113.65,113.348,113.48,8319805,USD
19/02/2020 00:00,113.37,113.51,113.3,113.46,1678752,USD
